X,Z
0,0
0.15937969,0.007031457
0.31875938,0.014062914
0.47813907,0.021094371
0.637518759,0.028125828
0.796898449,0.035157285
0.956278139,0.042188741
1.115657829,0.049220198
1.275037519,0.056251655
1.434417209,0.063283112
1.593796898,0.070314569
1.753176588,0.077346026
1.912556278,0.084377483
2.071935968,0.09140894
2.231315658,0.098440397
2.390695348,0.105471854
2.550075038,0.11250331
2.709454727,0.119534767
2.868834417,0.126566224
3.028214107,0.133597681
3.187593797,0.140629138
3.346973487,0.147660595
3.506353177,0.154692052
3.665732866,0.161723509
3.825112556,0.168754966
3.984492246,0.175786423
4.143871936,0.18281788
4.303251626,0.189849336
4.462631316,0.196880793
4.622011006,0.20391225
4.781390695,0.210943707
4.940770385,0.217975164
5.100150075,0.225006621
5.259529765,0.232038078
5.418909455,0.239069535
5.578289145,0.246100992
5.737668834,0.253132449
5.897048524,0.260163905
6.056428214,0.267195362
6.215807904,0.274226819
6.375187594,0.281258276
6.534567284,0.288289733
6.693946973,0.29532119
6.853326663,0.302352647
7.012706353,0.309384104
7.172086043,0.316415561
7.331465733,0.323447018
7.490845423,0.330478475
7.650225113,0.337509931
7.809604802,0.344541388
7.968984492,0.351572845
8.128364182,0.358604302
8.287743872,0.365635759
8.447123562,0.372667216
8.606503252,0.379698673
8.765882941,0.38673013
8.925262631,0.393761587
9.084642321,0.400793044
9.244022011,0.4078245
9.403401701,0.414855957
9.562781391,0.421887414
9.722161081,0.428918871
9.88154077,0.435950328
10.04092046,0.442981785
10.20030015,0.450013242
10.35967984,0.457044699
10.51905953,0.464076156
10.67843922,0.471107613
10.83781891,0.47813907
10.9971986,0.485170526
11.15657829,0.492201983
11.31595798,0.49923344
11.47533767,0.506264897
11.63471736,0.513296354
11.79409705,0.520327811
11.95347674,0.527359268
12.11285643,0.534390725
12.27223612,0.541422182
12.43161581,0.548453639
12.5909955,0.555485095
12.75037519,0.562516552
12.90975488,0.569548009
13.06913457,0.576579466
13.22851426,0.583610923
13.38789395,0.59064238
13.54727364,0.597673837
13.70665333,0.604705294
13.86603302,0.611736751
14.02541271,0.618768208
14.1847924,0.625799665
14.34417209,0.632831121
14.50355178,0.639862578
14.66293147,0.646894035
14.82231116,0.653925492
14.98169085,0.660956949
15.14107054,0.667988406
15.30045023,0.675019863
15.45982991,0.68205132
15.6192096,0.689082777
15.77858929,0.696114234
15.93796898,0.70314569
16.09734867,0.710177147
16.25672836,0.717208604
16.41610805,0.724240061
16.57548774,0.731271518
16.73486743,0.738302975
16.89424712,0.745334432
17.05362681,0.752365889
17.2130065,0.759397346
17.37238619,0.766428803
17.53176588,0.77346026
17.69114557,0.780491716
17.85052526,0.787523173
18.00990495,0.79455463
18.16928464,0.801586087
18.32866433,0.808617544
18.48804402,0.815649001
18.64742371,0.822680458
18.8068034,0.829711915
18.96618309,0.836743372
19.12556278,0.843774829
19.28494247,0.850806285
19.44432216,0.857837742
19.60370185,0.864869199
19.76308154,0.871900656
19.92246123,0.878932113
20.08184092,0.88596357
20.24122061,0.892995027
20.4006003,0.900026484
20.55997999,0.907057941
20.71935968,0.914089398
20.87873937,0.921120855
21.03811906,0.928152311
21.19749875,0.935183768
21.35687844,0.942215225
21.51625813,0.949246682
21.67563782,0.956278139
21.83501751,0.963309596
21.9943972,0.970341053
22.15377689,0.97737251
22.31315658,0.984403967
22.47253627,0.991435424
22.63191596,0.99846688
22.79129565,1.005498337
22.95067534,1.012529794
23.11005503,1.019561251
23.26943472,1.026592708
23.42881441,1.033624165
23.5881941,1.040655622
23.74757379,1.047687079
23.90695348,1.054718536
24.06633317,1.061749993
24.22571286,1.06878145
24.38509255,1.075812906
24.54447224,1.082844363
24.70385193,1.08987582
24.86323162,1.096907277
25.02261131,1.103938734
25.181991,1.110970191
25.34137069,1.118001648
25.50075038,1.125033105
25.66013007,1.132064562
25.81950975,1.139096019
25.97888944,1.146127476
26.13826913,1.153158932
26.29764882,1.160190389
26.45702851,1.167221846
26.6164082,1.174253303
26.77578789,1.18128476
26.93516758,1.188316217
27.09454727,1.195347674
27.25392696,1.202379131
27.41330665,1.209410588
27.57268634,1.216442045
27.73206603,1.223473501
27.89144572,1.230504958
28.05082541,1.237536415
28.2102051,1.244567872
28.36958479,1.251599329
28.52896448,1.258630786
28.68834417,1.265662243
28.84772386,1.2726937
29.00710355,1.279725157
29.16648324,1.286756614
29.32586293,1.293788071
29.48524262,1.300819527
29.64462231,1.307850984
29.804002,1.314882441
29.96338169,1.321913898
30.12276138,1.328945355
30.28214107,1.335976812
30.44152076,1.343008269
30.60090045,1.350039726
30.76028014,1.357071183
30.91965983,1.36410264
31.07903952,1.371134096
31.23841921,1.378165553
31.3977989,1.38519701
31.55717859,1.392228467
31.71655828,1.399259924
31.87593797,1.406291381
32.03531766,1.413322838
32.19469735,1.420354295
32.35407704,1.427385752
32.51345673,1.434417209
32.67283642,1.441448666
32.83221611,1.448480122
32.9915958,1.455511579
33.15097549,1.462543036
33.31035518,1.469574493
33.46973487,1.47660595
33.62911456,1.483637407
33.78849425,1.490668864
33.94787394,1.497700321
34.10725363,1.509463555
34.26663332,1.523526469
34.42601301,1.537589383
34.5853927,1.551652297
34.74477239,1.565715211
34.90415208,1.579778124
35.06353177,1.593841038
35.22291146,1.607903952
35.38229115,1.621966866
35.54167084,1.63602978
35.70105053,1.650092693
35.86043022,1.664155607
36.0198099,1.678218521
36.17918959,1.692281435
36.33856928,1.706344349
36.49794897,1.720407262
36.65732866,1.734470176
36.81670835,1.74853309
36.97608804,1.762596004
37.13546773,1.776658918
37.29484742,1.790721832
37.45422711,1.804784745
37.6136068,1.818847659
37.77298649,1.832910573
37.93236618,1.846973487
38.09174587,1.861036401
38.25112556,1.875099314
38.41050525,1.889162228
38.56988494,1.903225142
38.72926463,1.917288056
38.88864432,1.93135097
39.04802401,1.945413883
39.2074037,1.959476797
39.36678339,1.973539711
39.52616308,1.987602625
39.68554277,2.001665539
39.84492246,2.015728452
40.00430215,2.029791366
40.16368184,2.04385428
40.32306153,2.057917194
40.48244122,2.071980108
40.64182091,2.086043022
40.8012006,2.100105935
40.96058029,2.114168849
41.11995998,2.128231763
41.27933967,2.142294677
41.43871936,2.156357591
41.59809905,2.170420504
41.75747874,2.184483418
41.91685843,2.198546332
42.07623812,2.212609246
42.23561781,2.22667216
42.3949975,2.240735073
42.55437719,2.254797987
42.71375688,2.268860901
42.87313657,2.282923815
43.03251626,2.296986729
43.19189595,2.311049642
43.35127564,2.325112556
43.51065533,2.33917547
43.67003502,2.353238384
43.82941471,2.367301298
43.9887944,2.381364212
44.14817409,2.395427125
44.30755378,2.409490039
44.46693347,2.423552953
44.62631316,2.437615867
44.78569285,2.451678781
44.94507254,2.465741694
45.10445223,2.479804608
45.26383192,2.493867522
45.42321161,2.507930436
45.5825913,2.52199335
45.74197099,2.536056263
45.90135068,2.550119177
46.06073037,2.564182091
46.22011006,2.578245005
46.37948974,2.592307919
46.53886943,2.606370832
46.69824912,2.620433746
46.85762881,2.63449666
47.0170085,2.648559574
47.17638819,2.662622488
47.33576788,2.676685402
47.49514757,2.690748315
47.65452726,2.704811229
47.81390695,2.718874143
47.97328664,2.732937057
48.13266633,2.746999971
48.29204602,2.761062884
48.45142571,2.775125798
48.6108054,2.789188712
48.77018509,2.803251626
48.92956478,2.81731454
49.08894447,2.831377453
49.24832416,2.845440367
49.40770385,2.859503281
49.56708354,2.873566195
49.72646323,2.887629109
49.88584292,2.901692022
50.04522261,2.915754936
50.2046023,2.92981785
50.36398199,2.943880764
50.52336168,2.957943678
50.68274137,2.972006592
50.84212106,2.986069505
51.00150075,3.000173164
51.16088044,3.018563128
51.32026013,3.036953092
51.47963982,3.055343056
51.63901951,3.07373302
51.7983992,3.092122985
51.95777889,3.110512949
52.11715858,3.128902913
52.27653827,3.147292877
52.43591796,3.165682841
52.59529765,3.184072806
52.75467734,3.20246277
52.91405703,3.220852734
53.07343672,3.239242698
53.23281641,3.257632662
53.3921961,3.276022627
53.55157579,3.294412591
53.71095548,3.312802555
53.87033517,3.331192519
54.02971486,3.349582484
54.18909455,3.367972448
54.34847424,3.386362412
54.50785393,3.404752376
54.66723362,3.42314234
54.82661331,3.441532305
54.985993,3.459922269
55.14537269,3.478312233
55.30475238,3.496702197
55.46413207,3.515092161
55.62351176,3.533482126
55.78289145,3.55187209
55.94227114,3.570262054
56.10165083,3.588652018
56.26103052,3.607041983
56.42041021,3.625431947
56.57978989,3.643821911
56.73916958,3.662211875
56.89854927,3.680601839
57.05792896,3.698991804
57.21730865,3.717381768
57.37668834,3.735771732
57.53606803,3.754161696
57.69544772,3.77255166
57.85482741,3.790941625
58.0142071,3.809331589
58.17358679,3.827721553
58.33296648,3.846111517
58.49234617,3.864501482
58.65172586,3.882891446
58.81110555,3.90128141
58.97048524,3.919671374
59.12986493,3.938061338
59.28924462,3.956451303
59.44862431,3.974841267
59.608004,3.993231231
59.76738369,4.011621195
59.92676338,4.030011159
60.08614307,4.048401124
60.24552276,4.066791088
60.40490245,4.085181052
60.56428214,4.103571016
60.72366183,4.12196098
60.88304152,4.140350945
61.04242121,4.158740909
61.2018009,4.177130873
61.36118059,4.195520837
61.52056028,4.213910802
61.67993997,4.232300766
61.83931966,4.25069073
61.99869935,4.269080694
62.15807904,4.287470658
62.31745873,4.305860623
62.47683842,4.324250587
62.63621811,4.342640551
62.7955978,4.361030515
62.95497749,4.379420479
63.11435718,4.397810444
63.27373687,4.416200408
63.43311656,4.434590372
63.59249625,4.452980336
63.75187594,4.471370301
63.91125563,4.489760265
64.07063532,4.511772553
64.23001501,4.538335835
64.3893947,4.564899116
64.54877439,4.591462398
64.70815408,4.61802568
64.86753377,4.644588961
65.02691346,4.671152243
65.18629315,4.697715524
65.34567284,4.724278806
65.50505253,4.750842088
65.66443222,4.777405369
65.82381191,4.803968651
65.9831916,4.830531933
66.14257129,4.857095214
66.30195098,4.883658496
66.46133067,4.910221778
66.62071036,4.936785059
66.78009005,4.963348341
66.93946973,4.989911622
67.09884942,5.016474904
67.25822911,5.043038186
67.4176088,5.069601467
67.57698849,5.096164749
67.73636818,5.122728031
67.89574787,5.149291312
68.05512756,5.175854594
68.21450725,5.202417876
68.37388694,5.228981157
68.53326663,5.255544439
68.69264632,5.282107721
68.85202601,5.308671002
69.0114057,5.335234284
69.17078539,5.361797565
69.33016508,5.388360847
69.48954477,5.414924129
69.64892446,5.44148741
69.80830415,5.468050692
69.96768384,5.494613974
70.12706353,5.521177255
70.28644322,5.547740537
70.44582291,5.574303819
70.6052026,5.6008671
70.76458229,5.627430382
70.92396198,5.653993663
71.08334167,5.680556945
71.24272136,5.707120227
71.40210105,5.733683508
71.56148074,5.76024679
71.72086043,5.786810072
71.88024012,5.813373353
72.03961981,5.839936635
72.1989995,5.866499917
72.35837919,5.893063198
72.51775888,5.91962648
72.67713857,5.946189762
72.83651826,5.972753043
72.99589795,5.999316325
73.15527764,6.023291646
73.31465733,6.047198599
73.47403702,6.071105553
73.63341671,6.095012506
73.7927964,6.11891946
73.95217609,6.142826413
74.11155578,6.166733367
74.27093547,6.19064032
74.43031516,6.214547274
74.58969485,6.238454227
74.74907454,6.262361181
74.90845423,6.286268134
75.06783392,6.310175088
75.22721361,6.334082041
75.3865933,6.357988994
75.54597299,6.381895948
75.70535268,6.405802901
75.86473237,6.429709855
76.02411206,6.453616808
76.18349175,6.477523762
76.34287144,6.501430715
76.50225113,6.525337669
76.66163082,6.549244622
76.82101051,6.573151576
76.9803902,6.597058529
77.13976988,6.620965483
77.29914957,6.644872436
77.45852926,6.66877939
77.61790895,6.692686343
77.77728864,6.716593297
77.93666833,6.74050025
78.09604802,6.764407204
78.25542771,6.788314157
78.4148074,6.812221111
78.57418709,6.836128064
78.73356678,6.860035018
78.89294647,6.883941971
79.05232616,6.907848924
79.21170585,6.931755878
79.37108554,6.955662831
79.53046523,6.979569785
79.68984492,7.003476738
79.84922461,7.027383692
80.0086043,7.051290645
80.16798399,7.075197599
80.32736368,7.099104552
80.48674337,7.123011506
80.64612306,7.146918459
80.80550275,7.170825413
80.96488244,7.194732366
81.12426213,7.21863932
81.28364182,7.242546273
81.44302151,7.266453227
81.6024012,7.29036018
81.76178089,7.314267134
81.92116058,7.338174087
82.08054027,7.362081041
82.23991996,7.385987994
82.39929965,7.409894947
82.55867934,7.433801901
82.71805903,7.457708854
82.87743872,7.481615808
83.03681841,7.507889659
83.1961981,7.54204245
83.35557779,7.57619524
83.51495748,7.610348031
83.67433717,7.644500822
83.83371686,7.678653613
83.99309655,7.712806403
84.15247624,7.746959194
84.31185593,7.781111985
84.47123562,7.815264775
84.63061531,7.849417566
84.789995,7.883570357
84.94937469,7.917723147
85.10875438,7.951875938
85.26813407,7.986028729
85.42751376,8.020181519
85.58689345,8.05433431
85.74627314,8.088487101
85.90565283,8.122639891
86.06503252,8.156792682
86.22441221,8.190945473
86.3837919,8.225098263
86.54317159,8.259251054
86.70255128,8.293403845
86.86193097,8.327556635
87.02131066,8.361709426
87.18069035,8.395862217
87.34007004,8.430015008
87.49944972,8.464167798
87.65882941,8.498320589
87.8182091,8.53247338
87.97758879,8.56662617
88.13696848,8.600778961
88.29634817,8.634931752
88.45572786,8.669084542
88.61510755,8.703237333
88.77448724,8.737390124
88.93386693,8.771542914
89.09324662,8.805695705
89.25262631,8.839848496
89.412006,8.874001286
89.57138569,8.908154077
89.73076538,8.942306868
89.89014507,8.976459658
90.04952476,9.010612449
90.20890445,9.04476524
90.36828414,9.07891803
90.52766383,9.113070821
90.68704352,9.147223612
90.84642321,9.181376402
91.0058029,9.215529193
91.16518259,9.249681984
91.32456228,9.283834775
91.48394197,9.317987565
91.64332166,9.352140356
91.80270135,9.386293147
91.96208104,9.420445937
92.12146073,9.454598728
92.28084042,9.488751519
92.44022011,9.522904309
92.5995998,9.5570571
92.75897949,9.591209891
92.91835918,9.625362681
93.07773887,9.659515472
93.23711856,9.693668263
93.39649825,9.727821053
93.55587794,9.761973844
93.71525763,9.796126635
93.87463732,9.830279425
94.03401701,9.864432216
94.1933967,9.898585007
94.35277639,9.932737797
94.51215608,9.966890588
94.67153577,10.00104338
94.83091546,10.03519617
94.99029515,10.06934896
95.14967484,10.10350175
95.30905453,10.13765454
95.46843422,10.17180733
95.62781391,10.20596012
95.7871936,10.24011291
95.94657329,10.2742657
96.10595298,10.30841849
96.26533267,10.34257129
96.42471236,10.37672408
96.58409205,10.41087687
96.74347174,10.44502966
96.90285143,10.47918245
97.06223112,10.51866933
97.22161081,10.56648324
97.3809905,10.61429715
97.54037019,10.66211106
97.69974987,10.70992496
97.85912956,10.75773887
98.01850925,10.80555278
98.17788894,10.85336668
98.33726863,10.90118059
98.49664832,10.9489945
98.65602801,10.9968084
98.8154077,11.04462231
98.97478739,11.09243622
99.13416708,11.14025013
99.29354677,11.18806403
99.45292646,11.23587794
99.61230615,11.28369185
99.77168584,11.33150575
99.93106553,11.37931966
100.0904452,11.42713357
100.2498249,11.47494747
100.4092046,11.52276138
100.5685843,11.57057529
100.727964,11.61838919
100.8873437,11.6662031
101.0467234,11.71401701
101.2061031,11.76183092
101.3654827,11.80964482
101.5248624,11.85745873
101.6842421,11.90527264
101.8436218,11.95308654
102.0030015,12.00075038
102.1623812,12.0405953
102.3217609,12.08044022
102.4811406,12.12028514
102.6405203,12.16013007
102.7998999,12.19997499
102.9592796,12.23981991
103.1186593,12.27966483
103.278039,12.31950975
103.4374187,12.35935468
103.5967984,12.3991996
103.7561781,12.43904452
103.9155578,12.47888944
104.0749375,12.51873437
104.2343172,12.55857929
104.3936968,12.59842421
104.5530765,12.63826913
104.7124562,12.67811406
104.8718359,12.71795898
105.0312156,12.7578039
105.1905953,12.79764882
105.349975,12.83749375
105.5093547,12.87733867
105.6687344,12.91718359
105.8281141,12.95702851
105.9874937,12.99687344
106.1468734,13.03671836
106.3062531,13.07656328
106.4656328,13.1164082
106.6250125,13.15625313
106.7843922,13.19609805
106.9437719,13.23594297
107.1031516,13.27578789
107.2625313,13.31563282
107.421911,13.35547774
107.5812906,13.39532266
107.7406703,13.43516758
107.90005,13.47501251
108.0594297,13.51273494
108.2188094,13.54688773
108.3781891,13.58104052
108.5375688,13.61519331
108.6969485,13.6493461
108.8563282,13.68349889
109.0157079,13.71765168
109.1750875,13.75180447
109.3344672,13.78595726
109.4938469,13.82011006
109.6532266,13.85426285
109.8126063,13.88841564
109.971986,13.92256843
110.1313657,13.95672122
110.2907454,13.99087401
110.4501251,14.0250268
110.6095048,14.05917959
110.7688844,14.09333238
110.9282641,14.12748517
111.0876438,14.16163796
111.2470235,14.19579075
111.4064032,14.22994354
111.5657829,14.26409633
111.7251626,14.29824912
111.8845423,14.33240192
112.043922,14.36655471
112.2033017,14.4007075
112.3626813,14.43486029
112.522061,14.46901308
112.6814407,14.50316587
112.8408204,14.53731866
113.0002001,14.57147145
113.1595798,14.60562424
113.3189595,14.63977703
113.4783392,14.67392982
113.6377189,14.70808261
113.7970985,14.7422354
113.9564782,14.77638819
114.1158579,14.81054098
114.2752376,14.84469378
114.4346173,14.87884657
114.593997,14.91299936
114.7533767,14.94715215
114.9127564,14.98130494
115.0721361,15.02705103
115.2315158,15.08681841
115.3908954,15.14658579
115.5502751,15.20635318
115.7096548,15.26612056
115.8690345,15.32588794
116.0284142,15.38565533
116.1877939,15.44542271
116.3471736,15.5051901
116.5065533,15.56495748
116.665933,15.62472486
116.8253127,15.68449225
116.9846923,15.74425963
117.144072,15.80402701
117.3034517,15.8637944
117.4628314,15.92356178
117.6222111,15.98332916
117.7815908,16.04309655
117.9409705,16.10286393
118.1003502,16.16263132
118.2597299,16.2223987
118.4191096,16.28216608
118.5784892,16.34193347
118.7378689,16.40170085
118.8972486,16.46146823
119.0566283,16.51698849
119.216008,16.5648024
119.3753877,16.61261631
119.5347674,16.66043022
119.6941471,16.70824412
119.8535268,16.75605803
120.0129065,16.80387194
120.1722861,16.85168584
120.3316658,16.89949975
120.4910455,16.94731366
120.6504252,16.99512756
120.8098049,17.04294147
120.9691846,17.09075538
121.1285643,17.13856928
121.287944,17.18638319
121.4473237,17.2341971
121.6067034,17.28201101
121.766083,17.32982491
121.9254627,17.37763882
122.0848424,17.42545273
122.2442221,17.47326663
122.4036018,17.52108054
122.5629815,17.56889445
122.7223612,17.61670835
122.8817409,17.66452226
123.0411206,17.71233617
123.2005003,17.76015008
123.3598799,17.80796398
123.5192596,17.85577789
123.6786393,17.9035918
123.838019,17.9514057
123.9973987,17.99921961
124.1567784,18.04703352
124.3161581,18.09484742
124.4755378,18.14266133
124.6349175,18.19047524
124.7942971,18.23828914
124.9536768,18.28610305
125.1130565,18.33391696
125.2724362,18.38173087
125.4318159,18.42954477
125.5911956,18.47735868
125.7505753,18.52517259
125.909955,18.57298649
126.0693347,18.6208004
126.2287144,18.66861431
126.388094,18.71642821
126.5474737,18.76424212
126.7068534,18.81205603
126.8662331,18.85986993
127.0256128,18.90768384
127.1849925,18.95549775
127.3443722,19.00331166
127.5037519,19.05112556
127.6631316,19.09893947
127.8225113,19.14675338
127.9818909,19.19456728
128.1412706,19.24238119
128.3006503,19.2901951
128.46003,19.338009
128.6194097,19.38582291
128.7787894,19.43363682
128.9381691,19.48145073
129.0975488,19.52438719
129.2569285,19.56423212
129.4163082,19.60407704
129.5756878,19.64392196
129.7350675,19.68376688
129.8944472,19.72361181
130.0538269,19.76345673
130.2132066,19.80330165
130.3725863,19.84314657
130.531966,19.8829915
130.6913457,19.92283642
130.8507254,19.96268134
131.0101051,20.00252626
131.1694847,20.04237119
131.3288644,20.08221611
131.4882441,20.12206103
131.6476238,20.16190595
131.8070035,20.20175088
131.9663832,20.2415958
132.1257629,20.28144072
132.2851426,20.32128564
132.4445223,20.36113057
132.603902,20.40097549
132.7632816,20.44082041
132.9226613,20.48066533
133.082041,20.52051026
133.2414207,20.56035518
133.4008004,20.6002001
133.5601801,20.64004502
133.7195598,20.67988994
133.8789395,20.71973487
134.0383192,20.75957979
134.1976988,20.79942471
134.3570785,20.83926963
134.5164582,20.87911456
134.6758379,20.91895948
134.8352176,20.9588044
134.9945973,20.99864932
135.153977,21.07698849
135.3133567,21.15667834
135.4727364,21.23636818
135.6321161,21.31605803
135.7914957,21.39574787
135.9508754,21.47543772
136.1102551,21.55512756
136.2696348,21.63481741
136.4290145,21.71450725
136.5883942,21.7941971
136.7477739,21.87388694
136.9071536,21.95357679
137.0665333,22.03326663
137.225913,22.11295648
137.3852926,22.19264632
137.5446723,22.27233617
137.704052,22.35202601
137.8634317,22.43171586
138.0228114,22.50488816
138.1821911,22.53904095
138.3415708,22.57319374
138.5009505,22.60734653
138.6603302,22.64149932
138.8197099,22.67565211
138.9790895,22.7098049
139.1384692,22.74395769
139.2978489,22.77811048
139.4572286,22.81226327
139.6166083,22.84641607
139.775988,22.88056886
139.9353677,22.91472165
140.0947474,22.94887444
140.2541271,22.98302723
140.4135068,23.01718002
140.5728864,23.05133281
140.7322661,23.0854856
140.8916458,23.11963839
141.0510255,23.15379118
141.2104052,23.18794397
141.3697849,23.22209676
141.5291646,23.25624955
141.6885443,23.29040234
141.847924,23.32455513
142.0073037,23.35870793
142.1666833,23.39286072
142.326063,23.42701351
142.4854427,23.4611663
142.6448224,23.49531909
142.8042021,23.52947188
142.9635818,23.56362467
143.1229615,23.59777746
143.2823412,23.63193025
143.4417209,23.66608304
143.6011006,23.70023583
143.7604802,23.73438862
143.9198599,23.76854141
144.0792396,23.8026942
144.2386193,23.83684699
144.397999,23.87099979
144.5573787,23.90515258
144.7167584,23.93930537
144.8761381,23.97345816
145.0355178,24.01331916
145.1948974,24.07308654
145.3542771,24.13285393
145.5136568,24.19262131
145.6730365,24.25238869
145.8324162,24.31215608
145.9917959,24.37192346
146.1511756,24.43169085
146.3105553,24.49145823
146.469935,24.55122561
146.6293147,24.610993
146.7886943,24.67076038
146.948074,24.73052776
147.1074537,24.79029515
147.2668334,24.85006253
147.4262131,24.90982991
147.5855928,24.9695973
147.7449725,25.02936468
147.9043522,25.08913207
148.0637319,25.14889945
148.2231116,25.20866683
148.3824912,25.26843422
148.5418709,25.3282016
148.7012506,25.38796898
148.8606303,25.44773637
149.02001,25.506003
149.1793897,25.55381691
149.3387694,25.60163082
149.4981491,25.64944472
149.6575288,25.69725863
149.8169085,25.74507254
149.9762881,25.79288644
150.1356678,25.84070035
150.2950475,25.88851426
150.4544272,25.93632816
150.6138069,25.98414207
150.7731866,26.03195598
150.9325663,26.07976988
151.091946,26.12758379
151.2513257,26.1753977
151.4107054,26.22321161
151.570085,26.27102551
151.7294647,26.31883942
151.8888444,26.36665333
152.0482241,26.41446723
152.2076038,26.46228114
152.3669835,26.51009505
152.5263632,26.55790895
152.6857429,26.60572286
152.8451226,26.65353677
153.0045023,26.70135068
153.1638819,26.74916458
153.3232616,26.79697849
153.4826413,26.8447924
153.642021,26.8926063
153.8014007,26.94042021
153.9607804,26.98823412
154.1201601,27.03604802
154.2795398,27.08386193
154.4389195,27.13167584
154.5982991,27.17948974
154.7576788,27.22730365
154.9170585,27.27511756
155.0764382,27.32293147
155.2358179,27.37074537
155.3951976,27.41855928
155.5545773,27.46637319
155.713957,27.51418709
155.8733367,27.562001
156.0327164,27.60981491
156.192096,27.65762881
156.3514757,27.70544272
156.5108554,27.75325663
156.6702351,27.80107054
156.8296148,27.84888444
156.9889945,27.89669835
157.1483742,27.94451226
157.3077539,27.99232616
157.4671336,28.04014007
157.6265133,28.08795398
157.7858929,28.13576788
157.9452726,28.18358179
158.1046523,28.2313957
158.264032,28.2792096
158.4234117,28.32702351
158.5827914,28.37483742
158.7421711,28.42265133
158.9015508,28.47046523
159.0609305,28.52284892
159.2203102,28.58261631
159.3796898,28.64238369
159.5390695,28.70215108
159.6984492,28.76191846
159.8578289,28.82168584
160.0172086,28.88145323
160.1765883,28.94122061
160.335968,29.00098799
160.4953477,29.06075538
160.6547274,29.12052276
160.8141071,29.18029015
160.9734867,29.24005753
161.1328664,29.29982491
161.2922461,29.3595923
161.4516258,29.41935968
161.6110055,29.47912706
161.7703852,29.53889445
161.9297649,29.59866183
162.0891446,29.65842921
162.2485243,29.7181966
162.407904,29.77796398
162.5672836,29.83773137
162.7266633,29.89749875
162.886043,29.95726613
163.0454227,30.01362681
163.2048024,30.06144072
163.3641821,30.10925463
163.5235618,30.15706853
163.6829415,30.20488244
163.8423212,30.25269635
164.0017009,30.30051026
164.1610805,30.34832416
164.3204602,30.39613807
164.4798399,30.44395198
164.6392196,30.49176588
164.7985993,30.53957979
164.957979,30.5873937
165.1173587,30.6352076
165.2767384,30.68302151
165.4361181,30.73083542
165.5954977,30.77864932
165.7548774,30.82646323
165.9142571,30.87427714
166.0736368,30.92209105
166.2330165,30.96990495
166.3923962,31.01771886
166.5517759,31.06553277
166.7111556,31.11334667
166.8705353,31.16116058
167.029915,31.20897449
167.1892946,31.25678839
167.3486743,31.3046023
167.508054,31.35241621
167.6674337,31.40023012
167.8268134,31.44804402
167.9861931,31.49585793
168.1455728,31.55458979
168.3049525,31.61435718
168.4643322,31.67412456
168.6237119,31.73389195
168.7830915,31.79365933
168.9424712,31.85342671
169.1018509,31.9131941
169.2612306,31.97296148
169.4206103,32.03272886
169.57999,32.09249625
169.7393697,32.15226363
169.8987494,32.21203102
170.0581291,32.2717984
170.2175088,32.33156578
170.3768884,32.39133317
170.5362681,32.45110055
170.6956478,32.51086793
170.8550275,32.57063532
171.0144072,32.6304027
171.1737869,32.69017009
171.3331666,32.74993747
171.4925463,32.80970485
171.651926,32.86947224
171.8113057,32.92923962
171.9706853,32.989007
172.130065,33.03251626
172.2894447,33.07236118
172.4488244,33.1122061
172.6082041,33.15205103
172.7675838,33.19189595
172.9269635,33.23174087
173.0863432,33.27158579
173.2457229,33.31143072
173.4051026,33.35127564
173.5644822,33.39112056
173.7238619,33.43096548
173.8832416,33.47081041
174.0426213,33.51065533
174.202001,33.55050025
174.3613807,33.59034517
174.5207604,33.6301901
174.6801401,33.67003502
174.8395198,33.70987994
174.9988994,33.74972486
175.1582791,33.78956978
175.3176588,33.82941471
175.4770385,33.86925963
175.6364182,33.90910455
175.7957979,33.94894947
175.9551776,33.9887944
176.1145573,34.02863932
176.273937,34.06848424
176.4333167,34.10832916
176.5926963,34.14817409
176.752076,34.18801901
176.9114557,34.22786393
177.0708354,34.26770885
177.2302151,34.30755378
177.3895948,34.3473987
177.5489745,34.38724362
177.7083542,34.42708854
177.8677339,34.46693347
178.0271136,34.51355678
178.1864932,34.59324662
178.3458729,34.67293647
178.5052526,34.75262631
178.6646323,34.83231616
178.824012,34.912006
178.9833917,34.99169585
179.1427714,35.07138569
179.3021511,35.15107554
179.4615308,35.23076538
179.6209105,35.31045523
179.7802901,35.39014507
179.9396698,35.46983492
180.0990495,35.54952476
180.2584292,35.62921461
180.4178089,35.70890445
180.5771886,35.7885943
180.7365683,35.86828414
180.895948,35.94797399
181.0553277,36.0165983
181.2147074,36.06441221
181.374087,36.11222611
181.5334667,36.16004002
181.6928464,36.20785393
181.8522261,36.25566783
182.0116058,36.30348174
182.1709855,36.35129565
182.3303652,36.39910955
182.4897449,36.44692346
182.6491246,36.49473737
182.8085043,36.54255128
182.9678839,36.59036518
183.1272636,36.63817909
183.2866433,36.685993
183.446023,36.7338069
183.6054027,36.78162081
183.7647824,36.82943472
183.9241621,36.87724862
184.0835418,36.92506253
184.2429215,36.97287644
184.4023012,37.02069035
184.5616808,37.06850425
184.7210605,37.11631816
184.8804402,37.16413207
185.0398199,37.21194597
185.1991996,37.25975988
185.3585793,37.30757379
185.517959,37.35538769
185.6773387,37.4032016
185.8367184,37.45101551
185.996098,37.49882941
186.1554777,37.55830415
186.3148574,37.61807154
186.4742371,37.67783892
186.6336168,37.7376063
186.7929965,37.79737369
186.9523762,37.85714107
187.1117559,37.91690845
187.2711356,37.97667584
187.4305153,38.03644322
187.5898949,38.09621061
187.7492746,38.15597799
187.9086543,38.21574537
188.068034,38.27551276
188.2274137,38.33528014
188.3867934,38.39504752
188.5461731,38.45481491
188.7055528,38.51458229
188.8649325,38.57434967
189.0243122,38.63411706
189.1836918,38.69388444
189.3430715,38.75365183
189.5024512,38.81341921
189.6618309,38.87318659
189.8212106,38.93295398
189.9805903,38.99272136
190.13997,39.0349925
190.2993497,39.07483742
190.4587294,39.11468234
190.6181091,39.15452726
190.7774887,39.19437219
190.9368684,39.23421711
191.0962481,39.27406203
191.2556278,39.31390695
191.4150075,39.35375188
191.5743872,39.3935968
191.7337669,39.43344172
191.8931466,39.47328664
192.0525263,39.51313157
192.211906,39.55297649
192.3712856,39.59282141
192.5306653,39.63266633
192.690045,39.67251126
192.8494247,39.71235618
193.0088044,39.7522011
193.1681841,39.79204602
193.3275638,39.83189095
193.4869435,39.87173587
193.6463232,39.91158079
193.8057029,39.95142571
193.9650825,39.99127064
194.1244622,40.03111556
194.2838419,40.07096048
194.4432216,40.1108054
194.6026013,40.15065033
194.761981,40.19049525
194.9213607,40.23034017
195.0807404,40.27018509
195.2401201,40.31003002
195.3994997,40.34987494
195.5588794,40.38971986
195.7182591,40.42956478
195.8776388,40.4694097
196.0370185,40.51850925
196.1963982,40.5981991
196.3557779,40.67788894
196.5151576,40.75757879
196.6745373,40.83726863
196.833917,40.91695848
196.9932966,40.99664832
197.1526763,41.07633817
197.312056,41.15602801
197.4714357,41.23571786
197.6308154,41.3154077
197.7901951,41.39509755
197.9495748,41.47478739
198.1089545,41.55447724
198.2683342,41.63416708
198.4277139,41.71385693
198.5870935,41.79354677
198.7464732,41.87323662
198.9058529,41.95292646
199.0652326,42.02446223
199.2246123,42.08422961
199.383992,42.143997
199.5433717,42.20376438
199.7027514,42.26353177
199.8621311,42.32329915
200.0215108,42.38306653
200.1808904,42.44283392
200.3402701,42.5026013
200.4996498,42.56236868
200.6590295,42.62213607
200.8184092,42.68190345
200.9777889,42.74167084
201.1371686,42.80143822
201.2965483,42.8612056
201.455928,42.92097299
201.6153077,42.98074037
201.7746873,43.04050775
201.934067,43.10027514
202.0934467,43.16004252
202.2528264,43.2198099
202.4122061,43.27957729
202.5715858,43.33934467
202.7309655,43.39911206
202.8903452,43.45887944
203.0497249,43.51065533
203.2091046,43.54480812
203.3684842,43.57896091
203.5278639,43.6131137
203.6872436,43.64726649
203.8466233,43.68141928
204.006003,43.71557207
204.1653827,43.74972486
204.3247624,43.78387765
204.4841421,43.81803044
204.6435218,43.85218323
204.8029015,43.88633603
204.9622811,43.92048882
205.1216608,43.95464161
205.2810405,43.9887944
205.4404202,44.02294719
205.5997999,44.05709998
205.7591796,44.09125277
205.9185593,44.12540556
206.077939,44.15955835
206.2373187,44.19371114
206.3966983,44.22786393
206.556078,44.26201672
206.7154577,44.29616951
206.8748374,44.3303223
207.0342171,44.36447509
207.1935968,44.39862789
207.3529765,44.43278068
207.5123562,44.46693347
207.6717359,44.50108626
207.8311156,44.53523905
207.9904952,44.56939184
208.1498749,44.60354463
208.3092546,44.63769742
208.4686343,44.67185021
208.628014,44.706003
208.7873937,44.74015579
208.9467734,44.77430858
209.1061531,44.80846137
209.2655328,44.84261416
209.4249125,44.87676695
209.5842921,44.91091975
209.7436718,44.94507254
209.9030515,44.97922533
210.0624312,45.04682341
210.2218109,45.16635818
210.3811906,45.28589295
210.5405703,45.40542771
210.69995,45.52496248
210.8593297,45.64449725
211.0187094,45.76403202
211.178089,45.88356678
211.3374687,46.00310155
211.4968484,46.12263632
211.6562281,46.24217109
211.8156078,46.36170585
211.9749875,46.48124062
212.1343672,46.54031016
212.2937469,46.58812406
212.4531266,46.63593797
212.6125063,46.68375188
212.7718859,46.73156578
212.9312656,46.77937969
213.0906453,46.8271936
213.250025,46.8750075
213.4094047,46.92282141
213.5687844,46.97063532
213.7281641,47.01844922
213.8875438,47.06626313
214.0469235,47.11407704
214.2063032,47.16189095
214.3656828,47.20970485
214.5250625,47.25751876
214.6844422,47.30533267
214.8438219,47.35314657
215.0032016,47.40096048
215.1625813,47.44877439
215.321961,47.49658829
215.4813407,47.5444022
215.6407204,47.59221611
215.8001001,47.64003002
215.9594797,47.68784392
216.1188594,47.73565783
216.2782391,47.78347174
216.4376188,47.83128564
216.5969985,47.87909955
216.7563782,47.92691346
216.9157579,47.97472736
217.0751376,48.02254127
217.2345173,48.07035518
217.3938969,48.11816908
217.5532766,48.16598299
217.7126563,48.2137969
217.872036,48.26161081
218.0314157,48.30942471
218.1907954,48.35723862
218.3501751,48.40505253
218.5095548,48.45286643
218.6689345,48.50068034
218.8283142,48.54849425
218.9876938,48.59630815
219.1470735,48.64412206
219.3064532,48.69193597
219.4658329,48.73974987
219.6252126,48.78756378
219.7845923,48.83537769
219.943972,48.8831916
220.1033517,48.9310055
220.2627314,48.97881941
220.4221111,49.02663332
220.5814907,49.07444722
220.7408704,49.12226113
220.9002501,49.17007504
221.0596298,49.21788894
221.2190095,49.26570285
221.3783892,49.31351676
221.5377689,49.36133067
221.6971486,49.40914457
221.8565283,49.45695848
222.015908,49.50477239
222.1752876,49.55258629
222.3346673,49.6004002
222.494047,49.64821411
222.6534267,49.69602801
222.8128064,49.74384192
222.9721861,49.79165583
223.1315658,49.83946973
223.2909455,49.88728364
223.4503252,49.93509755
223.6097049,49.98291146
223.7690845,50.03072536
223.9284642,50.07853927
224.0878439,50.12635318
224.2472236,50.17416708
224.4066033,50.22198099
224.565983,50.2697949
224.7253627,50.3176088
224.8847424,50.36542271
225.0441221,50.41323662
225.2035018,50.46105053
225.3628814,50.50886443
225.5222611,50.55667834
225.6816408,50.60449225
225.8410205,50.65230615
226.0004002,50.70012006
226.1597799,50.74793397
226.3191596,50.79574787
226.4785393,50.84356178
226.637919,50.89137569
226.7972986,50.93918959
226.9566783,50.9870035
227.116058,51.0370398
227.2754377,51.08790565
227.4348174,51.13877151
227.5941971,51.18963737
227.7535768,51.24050323
227.9129565,51.29136909
228.0723362,51.34223495
228.2317159,51.39310081
228.3910955,51.44396666
228.5504752,51.49483252
228.7098549,51.54569838
228.8692346,51.59656424
229.0286143,51.6474301
229.187994,51.69829596
229.3473737,51.74916181
229.5067534,51.80002767
229.6661331,51.85089353
229.8255128,51.90175939
229.9848924,51.95262525
230.1442721,52.00349111
230.3036518,52.05435697
230.4630315,52.10522282
230.6224112,52.15608868
230.7817909,52.20695454
230.9411706,52.2578204
231.1005503,52.30868626
231.25993,52.35955212
231.4193097,52.41041797
231.5786893,52.46128383
231.738069,52.51077426
231.8974487,52.55588171
232.0568284,52.60098917
232.2162081,52.64609663
232.3755878,52.69120409
232.5349675,52.73631155
232.6943472,52.78141901
232.8537269,52.82652647
233.0131066,52.87163393
233.1724862,52.91674139
233.3318659,52.96184885
233.4912456,53.00695631
233.6506253,53.05206377
233.810005,53.09717123
233.9693847,53.14227869
234.1287644,53.18738615
234.2881441,53.23249361
234.4475238,53.27760106
234.6069035,53.32270852
234.7662831,53.36781598
234.9256628,53.41292344
235.0850425,53.4580309
235.2444222,53.50313836
235.4038019,53.54824582
235.5631816,53.59335328
235.7225613,53.63846074
235.881941,53.6835682
236.0413207,53.72867566
236.2007004,53.77378312
236.36008,53.81889058
236.5194597,53.86399804
236.6788394,53.9091055
236.8382191,53.95421296
236.9975988,53.99932041
237.1569785,54.06196519
237.3163582,54.12487823
237.4757379,54.18779126
237.6351176,54.2507043
237.7944972,54.31361733
237.9538769,54.37653037
238.1132566,54.43944341
238.2726363,54.50235644
238.432016,54.56526948
238.5913957,54.62818251
238.7507754,54.69109555
238.9101551,54.75400858
239.0695348,54.81692162
239.2289145,54.87983465
239.3882941,54.94274769
239.5476738,55.00566073
239.7070535,55.06857376
239.8664332,55.1314868
240.0258129,55.19439983
240.1851926,55.25731287
240.3445723,55.3202259
240.503952,55.38313894
240.6633317,55.44605197
240.8227114,55.50558476
240.982091,55.54477649
241.1414707,55.58396821
241.3008504,55.62315994
241.4602301,55.66235167
241.6196098,55.70154339
241.7789895,55.74073512
241.9383692,55.77992685
242.0977489,55.81911858
242.2571286,55.8583103
242.4165083,55.89750203
242.5758879,55.93669376
242.7352676,55.97588548
242.8946473,56.01507721
243.054027,56.05426894
243.2134067,56.09346066
243.3727864,56.13265239
243.5321661,56.17184412
243.6915458,56.21103585
243.8509255,56.25022757
244.0103052,56.2894193
244.1696848,56.32861103
244.3290645,56.36780275
244.4884442,56.40699448
244.6478239,56.44618621
244.8072036,56.48537793
244.9665833,56.52456966
245.125963,56.56376139
245.2853427,56.60295312
245.4447224,56.64214484
245.6041021,56.68133657
245.7634817,56.7205283
245.9228614,56.75972002
246.0822411,56.79891175
246.2416208,56.83810348
246.4010005,56.8772952
246.5603802,56.91648693
246.7197599,56.95567866
246.8791396,56.99487039
247.0385193,57.04074096
247.1978989,57.08761734
247.3572786,57.13449372
247.5166583,57.1813701
247.676038,57.22824648
247.8354177,57.27512286
247.9947974,57.32199923
248.1541771,57.36887561
248.3135568,57.41575199
248.4729365,57.46262837
248.6323162,57.50950475
248.7916958,57.55638113
248.9510755,57.60325751
249.1104552,57.65013389
249.2698349,57.69701027
249.4292146,57.74388665
249.5885943,57.79076303
249.747974,57.83763941
249.9073537,57.88451579
250.0667334,57.93139217
250.2261131,57.97826855
250.3854927,58.02514493
250.5448724,58.0720213
250.7042521,58.11889768
250.8636318,58.16577406
251.0230115,58.21265044
251.1823912,58.25952682
251.3417709,58.3064032
251.5011506,58.35327958
251.6605303,58.40015596
251.81991,58.44703234
251.9792896,58.49390872
252.1386693,58.54727364
252.298049,58.60160762
252.4574287,58.65594161
252.6168084,58.71027559
252.7761881,58.76460958
252.9355678,58.81894356
253.0949475,58.87327755
253.2543272,58.92761153
253.4137069,58.98194552
253.5730865,59.0362795
253.7324662,59.09061349
253.8918459,59.14494747
254.0512256,59.19928146
254.2106053,59.25361544
254.369985,59.30794943
254.5293647,59.36228341
254.6887444,59.4166174
254.8481241,59.47095138
255.0075038,59.52528537
255.1668834,59.57961936
255.3262631,59.63395334
255.4856428,59.68828733
255.6450225,59.74262131
255.8044022,59.7969553
255.9637819,59.85128928
256.1231616,59.90562327
256.2825413,59.95995725
256.441921,60.01337903
256.6013007,60.06424489
256.7606803,60.11511075
256.92006,60.16597661
257.0794397,60.21684246
257.2388194,60.26770832
257.3981991,60.31857418
257.5575788,60.36944004
257.7169585,60.4203059
257.8763382,60.47117176
258.0357179,60.52203761
258.1950975,60.57290347
258.3544772,60.62376933
258.5138569,60.67463519
258.6732366,60.72550105
258.8326163,60.77636691
258.991996,60.82723277
259.1513757,60.87809862
259.3107554,60.92896448
259.4701351,60.97983034
259.6295148,61.0306962
259.7888944,61.08156206
259.9482741,61.13242792
260.1076538,61.18329377
260.2670335,61.23415963
260.4264132,61.28502549
260.5857929,61.33589135
260.7451726,61.38675721
260.9045523,61.43762307
261.063932,61.48848893
261.2233117,61.53135042
261.3826913,61.57187068
261.542071,61.61239094
261.7014507,61.6529112
261.8608304,61.69343146
262.0202101,61.73395172
262.1795898,61.77447198
262.3389695,61.81499224
262.4983492,61.8555125
262.6577289,61.89603276
262.8171086,61.93655302
262.9764882,61.97707328
263.1358679,62.01759354
263.2952476,62.0581138
263.4546273,62.09863406
263.614007,62.13915432
263.7733867,62.17967458
263.9327664,62.22019484
264.0921461,62.2607151
264.2515258,62.30123536
264.4109055,62.34175562
264.5702851,62.38227588
264.7296648,62.42279614
264.8890445,62.4633164
265.0484242,62.50383666
265.2078039,62.54435692
265.3671836,62.58487718
265.5265633,62.62539744
265.685943,62.6659177
265.8453227,62.70643796
266.0047024,62.74695822
266.164082,62.78747849
266.3234617,62.82799875
266.4828414,62.86851901
266.6422211,62.90903927
266.8016008,62.94955953
266.9609805,62.99007979
267.1203602,63.03471928
267.2797399,63.08069419
267.4391196,63.1266691
267.5984992,63.17264401
267.7578789,63.21861892
267.9172586,63.26459384
268.0766383,63.31056875
268.236018,63.35654366
268.3953977,63.40251857
268.5547774,63.44849348
268.7141571,63.49446839
268.8735368,63.5404433
269.0329165,63.58641821
269.1922961,63.63239312
269.3516758,63.67836803
269.5110555,63.72434294
269.6704352,63.77031785
269.8298149,63.81629276
269.9891946,63.86226767
270.1485743,63.90824258
270.307954,63.95421749
270.4673337,64.0001924
270.6267134,64.04616731
270.786093,64.09214222
270.9454727,64.13811714
271.1048524,64.18409205
271.2642321,64.23006696
271.4236118,64.27604187
271.5829915,64.32201678
271.7423712,64.36799169
271.9017509,64.4139666
272.0611306,64.45994151
272.2205103,64.50439505
272.3798899,64.53854785
272.5392696,64.57270064
272.6986493,64.60685343
272.858029,64.64100622
273.0174087,64.67515901
273.1767884,64.7093118
273.3361681,64.74346459
273.4955478,64.77761738
273.6549275,64.81177017
273.8143072,64.84592296
273.9736868,64.88007575
274.1330665,64.91422854
274.2924462,64.94838133
274.4518259,64.98253412
274.6112056,65.01668691
274.7705853,65.05083971
274.929965,65.0849925
275.0893447,65.11914529
275.2487244,65.15329808
275.4081041,65.18745087
275.5674837,65.22160366
275.7268634,65.25575645
275.8862431,65.28990924
276.0456228,65.32406203
276.2050025,65.35821482
276.3643822,65.39236761
276.5237619,65.4265204
276.6831416,65.46067319
276.8425213,65.49482598
277.001901,65.52897878
277.1612806,65.56313157
277.3206603,65.59728436
277.48004,65.63143715
277.6394197,65.66558994
277.7987994,65.69974273
277.9581791,65.73389552
278.1175588,65.76804831
278.2769385,65.8022011
278.4363182,65.83635389
278.5956978,65.87050668
278.7550775,65.90465947
278.9144572,65.93881226
279.0738369,65.97296505
279.2332166,66.00664332
279.3925963,66.03851926
279.551976,66.0703952
279.7113557,66.10227114
279.8707354,66.13414707
280.0301151,66.16602301
280.1894947,66.19789895
280.3488744,66.22977489
280.5082541,66.26165083
280.6676338,66.29352676
280.8270135,66.3254027
280.9863932,66.35727864
281.1457729,66.38915458
281.3051526,66.42103052
281.4645323,66.45290645
281.623912,66.48478239
281.7832916,66.51665833
281.9426713,66.54853427
282.102051,66.58041021
282.2614307,66.61228614
282.4208104,66.64416208
282.5801901,66.67603802
282.7395698,66.70791396
282.8989495,66.73978989
283.0583292,66.77166583
283.2177089,66.80354177
283.3770885,66.83541771
283.5364682,66.86729365
283.6958479,66.89916958
283.8552276,66.93104552
284.0146073,66.96292146
284.173987,66.9947974
284.3333667,67.02667334
284.4927464,67.05854927
284.6521261,67.09042521
284.8115058,67.12230115
284.9708854,67.15417709
285.1302651,67.18605303
285.2896448,67.21792896
285.4490245,67.2498049
285.6084042,67.28168084
285.7677839,67.31355678
285.9271636,67.34543272
286.0865433,67.37730865
286.245923,67.40918459
286.4053027,67.44106053
286.5646823,67.47293647
286.724062,67.5053078
286.8834417,67.54046509
287.0428214,67.57562237
287.2022011,67.61077965
287.3615808,67.64593694
287.5209605,67.68109422
287.6803402,67.71625151
287.8397199,67.75140879
287.9990995,67.78656608
288.1584792,67.82172336
288.3178589,67.85688065
288.4772386,67.89203793
288.6366183,67.92719522
288.795998,67.9623525
288.9553777,67.99750978
289.1147574,68.03266707
289.2741371,68.06782435
289.4335168,68.10298164
289.5928964,68.13813892
289.7522761,68.17329621
289.9116558,68.20845349
290.0710355,68.24361078
290.2304152,68.27876806
290.3897949,68.31392535
290.5491746,68.34908263
290.7085543,68.38423991
290.867934,68.4193972
291.0273137,68.45455448
291.1866933,68.48971177
291.346073,68.52486905
291.5054527,68.56002634
291.6648324,68.59518362
291.8242121,68.63034091
291.9835918,68.66549819
292.1429715,68.70065547
292.3023512,68.73581276
292.4617309,68.77097004
292.6211106,68.80612733
292.7804902,68.84128461
292.9398699,68.8764419
293.0992496,68.91159918
293.2586293,68.94675647
293.418009,68.98191375
293.5773887,69.010553
293.7367684,69.0322866
293.8961481,69.05402019
294.0555278,69.07575379
294.2149075,69.09748738
294.3742871,69.11922097
294.5336668,69.14095457
294.6930465,69.16268816
294.8524262,69.18442176
295.0118059,69.20615535
295.1711856,69.22788894
295.3305653,69.24962254
295.489945,69.27135613
295.6493247,69.29308973
295.8087044,69.31482332
295.968084,69.33655691
296.1274637,69.35829051
296.2868434,69.3800241
296.4462231,69.4017577
296.6056028,69.42349129
296.7649825,69.44522489
296.9243622,69.46695848
297.0837419,69.48869207
297.2431216,69.51042567
297.4025013,69.53215926
297.5618809,69.55389286
297.7212606,69.57562645
297.8806403,69.59736004
298.04002,69.61909364
298.1993997,69.64082723
298.3587794,69.66256083
298.5181591,69.68429442
298.6775388,69.70602801
298.8369185,69.72776161
298.9962981,69.7494952
299.1556778,69.7712288
299.3150575,69.79296239
299.4744372,69.81469598
299.6338169,69.83642958
299.7931966,69.85816317
299.9525763,69.87989677
300.111956,69.90163036
300.2713357,69.92336395
300.4307154,69.94509755
300.590095,69.96683114
300.7494747,69.98856474
300.9088544,70.01029833
301.0682341,70.03203193
301.2276138,70.05376552
301.3869935,70.07549911
301.5463732,70.09723271
301.7057529,70.1189663
301.8651326,70.1406999
302.0245123,70.16243349
302.1838919,70.18416708
302.3432716,70.20590068
302.5026513,70.22763427
302.662031,70.24936787
302.8214107,70.27110146
302.9807904,70.29283505
303.1401701,70.31456865
303.2995498,70.33630224
303.4589295,70.35803584
303.6183092,70.37976943
303.7776888,70.40150302
303.9370685,70.42323662
304.0964482,70.44497021
304.2558279,70.46670381
304.4152076,70.4884374
304.5745873,70.50528988
304.733967,70.5165934
304.8933467,70.52789693
305.0527264,70.53920045
305.2121061,70.55050398
305.3714857,70.5618075
305.5308654,70.57311102
305.6902451,70.58441455
305.8496248,70.59571807
306.0090045,70.6070216
306.1683842,70.61832512
306.3277639,70.62962864
306.4871436,70.64093217
306.6465233,70.65223569
306.805903,70.66353922
306.9652826,70.67484274
307.1246623,70.68614626
307.284042,70.69744979
307.4434217,70.70875331
307.6028014,70.72005684
307.7621811,70.73136036
307.9215608,70.74266389
308.0809405,70.75396741
308.2403202,70.76527093
308.3996998,70.77657446
308.5590795,70.78787798
308.7184592,70.79918151
308.8778389,70.81048503
309.0372186,70.82178855
309.1965983,70.83309208
309.355978,70.8443956
309.5153577,70.85569913
309.6747374,70.86700265
309.8341171,70.87830617
309.9934967,70.8896097
310.1528764,70.90091322
310.3122561,70.91221675
310.4716358,70.92352027
310.6310155,70.93482379
310.7903952,70.94612732
310.9497749,70.95743084
311.1091546,70.96873437
311.2685343,70.98003789
311.427914,70.99134142
311.5872936,71.00264494
311.7466733,71.01394846
311.906053,71.02525199
312.0654327,71.03655551
312.2248124,71.04785904
312.3841921,71.05916256
312.5435718,71.07046608
312.7029515,71.08176961
312.8623312,71.09307313
313.0217109,71.10437666
313.1810905,71.11568018
313.3404702,71.1269837
313.4998499,71.13828723
313.6592296,71.14959075
313.8186093,71.16089428
313.977989,71.1721978
314.1373687,71.18350133
314.2967484,71.19480485
314.4561281,71.20610837
314.6155078,71.2174119
314.7748874,71.22871542
314.9342671,71.24001895
315.0936468,71.25132247
315.2530265,71.26262599
315.4124062,71.27392952
315.5717859,71.28523304
315.7311656,71.29653657
315.8905453,71.30784009
316.049925,71.31914361
316.2093047,71.33044714
316.3686843,71.34175066
316.528064,71.35305419
316.6874437,71.36435771
316.8468234,71.37566123
317.0062031,71.38696476
317.1655828,71.39826828
317.3249625,71.40957181
317.4843422,71.42087533
317.6437219,71.43217886
317.8031016,71.44348238
317.9624812,71.4547859
318.1218609,71.46608943
318.2812406,71.47739295
318.4406203,71.48869648
318.6,71.5
