KSmall,KMedium,KMedLar,KLarge,KVeryLarge,very_Large_wr,large_wr,medlar_wr,medium_wr,small_wr,KTotal,RMSE_Total_Young
0.00972373774142406,0.00597879128222647,0.00446349260315158,0.00448079276279046,0.00635318561040744,2.53170442684639e-05,4.45927263298541e-06,2.46277661583067e-06,6.68319548242385e-07,0,0.031,22.2818997285225
0.00332351666836903,0.00569417310795798,0.00825248606802144,0.0049653075075843,0.00876451664806726,3.8798524699499e-05,3.32621979004925e-06,3.17275193444886e-06,2.25720125861363e-06,0,0.031,21.5001034151626
0.00466983522532012,0.0122431615234077,0.0047318715445177,0.00505967271946388,0.00429545898729058,2.98043130931601e-05,3.99433272741564e-06,1.07182618592221e-06,2.50460011445567e-07,0,0.031,21.5043707711992
0.00655342228573493,0.00384185543349536,0.0110481231201338,0.00894501328051989,0.000611585880116068,2.28733912071524e-05,4.97054286310479e-06,3.66478983721027e-06,1.31939088485376e-06,0,0.031,1698.21881011321
0.0060781496120568,0.0108339405137766,0.000792948823232629,0.0109352243820951,0.00235973666883883,2.01509291310259e-05,2.91668006948952e-06,1.00116383925299e-06,3.5477558303092e-07,0,0.031,21.2224696805824
0.00161700679332571,0.0115816435052326,0.00371611002337875,0.0102876595364936,0.00379758014156933,1.03554660045588e-05,2.91462508084372e-06,1.41588257172096e-06,1.42099949305899e-07,0,0.031,22.9212703613142
0.0053798539614831,0.00563182567289237,0.0082018389169988,0.00489004396227248,0.00689643748635325,1.63250674936099e-05,4.75229836122083e-06,4.30734646295875e-06,2.6793077390329e-06,0,0.031,23.1445485760482
0.00743125938146268,0.00623738389544632,0.00514104444671517,0.00505954119738523,0.0071307710789906,7.72706521848234e-06,1.76702007447771e-06,8.60641533259459e-07,6.20966803820123e-07,0,0.031,19.7611372624841
0.00571191889999033,0.00829523204302664,0.0100668636903729,0.000752758048221308,0.00617322731838879,1.05523721737518e-05,3.20345738716112e-06,2.58788679268171e-06,1.86348069177065e-06,0,0.031,21.3541527465967
0.00773143620561375,0.00765842184896715,0.00544257122154535,0.000907689920019638,0.00925988080385412,3.62595984298898e-05,4.51348612833247e-06,4.37574583741903e-06,1.50127438561297e-06,0,0.031,22.4802809745403
0.00534262730911354,0.0080662733837344,0.0110732404074227,0.00154747705539593,0.00497038184433349,2.85139814613762e-05,3.89562856862442e-06,3.54051061861627e-06,2.90927067955841e-06,0,0.031,21.457747092129
0.012717264506934,0.0100790847828649,0.00401796081851208,0.00313344198445082,0.0010522479072382,2.63577271140393e-05,4.46826335408479e-06,3.56277341934767e-06,2.03461307608344e-06,0,0.031,22.6784771458064
0.00693174969130017,0.00317448933940867,0.00889506474834827,0.00870462569213952,0.00329407052880337,2.70191083672915e-05,4.02154944040417e-06,2.48804636372762e-06,1.99226311504912e-06,0,0.031,21.5285193026945
0.00563386317545635,0.00791615241888437,0.000607389303761128,0.00970738256720643,0.00713521253469173,3.88283113915554e-05,3.21626755948973e-06,2.47991784655763e-06,6.70298311933908e-07,0,0.031,20.4746227893063
0.009999449117799,0.00699701389331522,0.0124246524576806,0.00109641540438143,0.00048246912682372,4.54636451154634e-06,3.59069866280657e-06,3.03070708392934e-06,2.38294197201047e-06,0,0.031,48.5019459109913
0.00985073017159504,0.00400094518817687,0.00184969007272347,0.006911272228394,0.00838736233911062,5.15263569406715e-06,4.81977720523459e-06,3.72241582896232e-06,1.76605799898909e-07,0,0.031,23.4018468036657
0.00932263436906879,0.0145371865332444,0.00132756786316502,0.0046418866972003,0.00117072453732147,3.57521370036483e-05,4.67064143578455e-06,3.88373832842738e-06,2.16307436877962e-06,0,0.031,22.7555289363267
0.00732498790702472,0.0152981468314526,0.00159615143572318,0.000622697859292455,0.00615801596650708,2.30218453768179e-05,4.23882592631031e-06,4.19774248790437e-06,8.96201982641095e-07,0,0.031,22.1490053900643
0.00601610112888371,0.00642754102397726,0.00814112158648118,0.00194365868835563,0.00847157757230222,1.90282309843586e-05,4.71623535385074e-06,4.12994159960073e-06,1.96965893922286e-06,0,0.031,23.1333788646599
0.00282279456886871,0.00852932181977903,0.00615689323901294,0.00767454581100392,0.0058164445613354,1.00935121583681e-05,7.68193142426366e-07,6.80567598664914e-07,2.85305082952608e-07,0,0.031,20.2044677839817
0.00524286617990766,0.00561363090927441,0.00403380412188177,0.0051791918556612,0.010930506933275,1.42309109395906e-05,2.24718542573296e-06,6.73281859779476e-07,4.98497384988604e-07,0,0.031,20.7058273252404
0.00660463190768969,0.00405191442339143,0.00934677542787338,0.0100237538487535,0.000972924392292026,1.09977842948514e-05,2.65472011702551e-06,2.61027904637028e-06,3.73237312797564e-07,0,0.031,23.1020436923442
0.00581543340657869,0.00865393013385568,0.00497888496344516,0.00192309819120977,0.0096286533049107,2.18879089982576e-05,2.78112400108536e-06,1.98424777937059e-06,1.08963394838991e-06,0,0.031,20.7157384225548
0.00395001132537708,0.0086936701691316,0.0085100080647521,0.0083357968550672,0.00151051358567201,9.93478048927065e-06,2.83019657131e-06,2.42482740942924e-06,4.6387956168475e-07,0,0.031,21.8035659384067
0.00583771927089106,0.00642618038101307,0.00936315390136143,0.00757962646627743,0.00179331998045701,3.7902906126188e-05,2.51221241909737e-06,1.16297204722527e-06,2.31774352723864e-07,0,0.031,20.3991127721062
0.0131428149142514,0.000545099014143376,0.00165354657352495,0.0097219676311881,0.00593657186689219,2.50661263626672e-05,3.85659678979818e-06,1.8458213387115e-06,1.30931243611263e-06,0,0.031,21.3905420506528
0.0111281153998636,0.000994543006986766,0.00408212814665027,0.00800082226672867,0.00679439117977071,1.79187942360039e-05,4.02149427396756e-06,1.24067537130677e-06,2.76561626878637e-07,0,0.031,21.755565156244
0.00169040843990311,0.00796585504007103,0.00641811290021991,0.0104180981072032,0.00450752551260274,2.89931537488385e-05,3.91966465979269e-06,2.17136323594243e-06,1.48827695900274e-06,0,0.031,23.1709937965928
0.00132921324409267,0.00623865705272334,0.0133492734926988,0.00158800179396781,0.00849485441651738,1.10177154116726e-05,2.34736539822761e-06,2.29383685200861e-06,2.14193901050606e-06,0,0.031,24.2257617346649
0.00995984087555763,0.00989305201224701,0.00362191509934544,0.00297972864481126,0.00454546336803866,2.07741438119524e-05,2.82776765538271e-06,2.17931539796341e-06,9.41522274058561e-07,0,0.031,20.7316067178192
0.00697654768622164,0.00414463797476076,0.00540171829347248,0.00999372342462532,0.0044833726209198,2.96993620956783e-05,3.69626483639855e-06,2.80395303763552e-06,1.10727829732848e-06,0,0.031,20.9725091757194
0.00397459965838385,0.00319424374485149,0.0110011791692465,0.00433274830079629,0.00849722912672188,9.37123394821851e-06,1.41453181058377e-06,1.26474943458131e-06,4.11433888501871e-07,0,0.031,19.9245839933792
0.00664661168570595,0.00544715624038422,0.00893423488020549,0.00642171910111696,0.00355027809258738,2.82755194833962e-05,4.57601025567859e-06,4.55243291195533e-06,2.22520675653975e-06,0,0.031,22.3350923246869
0.00735245993139776,0.00785740532057081,0.00432715294816217,0.00373733090560363,0.00772565089426564,7.89529985533725e-06,3.43708146967946e-06,1.82296748621905e-06,1.09332548176718e-06,0,0.031,21.6630421604064
0.00570489320156321,0.00804634214218406,0.00273396065899825,0.00686047351280696,0.00765433048444752,8.76496695967369e-06,4.93481912480303e-06,2.02067489511071e-06,1.35821638693756e-06,0,0.031,23.5980274959462
0.0101598533254397,0.00959897616048257,0.00150994091762553,0.00740862255785012,0.00232260703860207,2.59559742062531e-05,2.9405153053266e-06,5.83282116759408e-07,4.08741107115372e-07,0,0.031,21.4540156950913
0.00672818031747204,0.00734076940504428,0.00817356620840802,0.00131240179685641,0.00744508227221926,3.44977561442932e-05,3.54066088186782e-06,1.457793067993e-06,6.72228497292081e-07,0,0.031,20.913484081956
0.00754979265138348,0.00455277527400696,0.00676843798613821,0.00840754010698982,0.00372145398148152,2.09910667867757e-05,3.47379991473349e-06,3.09606762751637e-06,3.26467655904398e-07,0,0.031,20.9990785415481
0.00402144016782459,0.0158592073033602,0.00904725778797368,0.0013421297482482,0.000729964992593308,1.48958332262038e-05,3.76984487093622e-06,2.31553835432024e-06,1.95743982750758e-06,0,0.031,28.1046269803505
0.00459311559465054,0.00479054751524737,0.00577196015773189,0.00714863935666394,0.00869573737570626,1.90744616724265e-05,4.82861915263102e-06,3.24235933776994e-06,9.6244853682119e-07,0,0.031,23.5289909191838
0.00694513595565859,0.00404476561543184,0.00567548449090019,0.00968752363735736,0.00464709030065202,1.16175368017515e-05,4.08013053345612e-06,3.83466184693205e-06,3.77518835168649e-06,0,0.031,22.0071368115959
0.00542404066419805,0.0113729966308951,0.00326120041069819,0.00307621850504882,0.0078655437891598,3.75241615373815e-05,1.96923165804333e-06,1.84418065605938e-06,4.06552665510813e-07,0,0.031,18.5456919904654
0.00212479375291409,0.00164357497884936,0.00972995230818842,0.00247933753416984,0.0150223414258783,3.92367017978583e-05,3.75437445168725e-06,1.49830698973714e-06,1.44885110727755e-06,0,0.031,23.3463040102903
0.0135637558077402,0.0120271080918911,0.00158112361956509,0.00185485778037247,0.00197315470043118,2.07583528792795e-05,4.61567897934826e-06,2.47467141280761e-06,2.46266083610187e-06,0,0.031,22.9667708592416
0.00315523890727111,0.00550582249912499,0.00178258924845948,0.0073343803276098,0.0132219690175346,3.19718400410181e-05,3.48030058117397e-06,2.1325462192415e-06,1.82540099057605e-06,0,0.031,22.7101207147252
0.00249778751521462,0.0118365763154607,0.00836997487950015,0.00567635170341435,0.00261930958641014,3.70019646677161e-05,4.39476530728505e-06,3.66933915101451e-06,1.18848868203118e-06,0,0.031,22.3396905617592
0.00908010137632911,0.00491507641870935,0.00936790029229895,0.0035051749964298,0.0041317469162328,2.69130093450359e-05,4.88127286582626e-06,4.23794248350599e-06,2.23354323284995e-06,0,0.031,23.1603846490027
0.00543275211522211,0.00550070394295386,0.00731314414568833,0.00546638173170276,0.00728701806443295,1.37265266000137e-05,4.11076943513612e-06,4.00310119309581e-06,6.48909254325791e-07,0,0.031,22.434810077573
0.00566970715646264,0.00971630684733737,0.00163861629999464,0.0045629233291455,0.00941244636705985,2.01886316842829e-05,1.41625136296582e-06,1.23013643037389e-06,7.20649413101145e-07,0,0.031,18.8097737270554
0.00795522174867199,0.00221105448911605,0.00859399901426222,0.00598143810034863,0.00625828664760111,2.62568593681049e-05,4.29730743741007e-06,1.33374435232184e-06,2.39936405544635e-07,0,0.031,22.0563083380329
0.00987457020302637,0.00111370056555234,0.00634686761308698,0.00955607592610609,0.00410878569222822,4.76987538661558e-06,6.28459607867168e-07,2.31479459319913e-07,2.09178465461597e-07,0,0.031,21.2184766444058
0.00818346705127563,0.00539452939460763,0.00237999078229162,0.00942713816638937,0.00561487460543575,2.29534548033444e-05,4.98719274636285e-06,3.73143667059294e-06,2.79279137857242e-06,0,0.031,23.249113597784
0.0116438791173749,0.00245767917906571,0.00409533648503263,0.0040553832180081,0.00874772200051868,2.16567278551466e-05,2.389302568605e-06,8.02391730981287e-07,1.7425602802362e-07,0,0.031,19.6333280378476
0.00424823244561235,0.00230066175163836,0.00859578980407735,0.00715174704216655,0.00870356895650539,2.31790213341976e-05,4.6165478439915e-06,4.58209239224356e-06,4.309588465997e-06,0,0.031,23.3649919131098
0.00814535336743483,0.0116427708928124,0.00326696313638025,0.00264322997135244,0.0053016826320201,2.2732283912066e-05,4.29872417854735e-06,2.68614589310009e-06,3.52508421881999e-07,0,0.031,22.0488053344466
0.00769508883619834,0.00750501850894774,0.00184484778661747,0.0072804420281963,0.00667460284004015,7.43950582914963e-06,1.72417767810821e-06,1.69848988936758e-06,1.17634496355721e-06,0,0.031,19.8586007774541
0.00667742739780007,0.00382335675967798,0.00798021822669467,0.00679699760495881,0.00572200001086848,1.53494675897111e-05,4.55322068658452e-06,1.73751462751351e-06,1.08484695807501e-06,0,0.031,22.7030103324004
0.00572998961892295,0.00522152304760195,0.00475002496817548,0.00802519930848745,0.00727326305681217,2.45574985911874e-05,4.55572264903701e-06,3.5227355353646e-06,2.88040984081963e-06,0,0.031,22.760353730116
0.00223313514773592,0.00885120477698268,0.00542116666932769,0.0052606420354702,0.00923385137048352,6.56609268675436e-06,3.87354161271336e-06,1.45618877714341e-06,1.08208265427626e-06,0,0.031,23.9142659832172
0.0138915210769882,0.00555593658940775,0.00590367932474536,0.00333007902067747,0.0023187839881812,4.96792541595165e-06,4.35419899228677e-06,2.62484410775053e-06,1.55711574143469e-06,0,0.031,22.9485877348519
0.00981138276794332,0.00687705458030993,0.00304646116271007,0.00931345553041626,0.00195164595862042,3.15190673136235e-05,4.05679489672379e-06,2.31401807942038e-06,1.76116125798659e-06,0,0.031,21.8406422594802
0.00367959200685069,0.0078944441736083,0.00576967520742397,0.00643558257311477,0.00722070603900228,1.86842785407565e-05,4.82625631284897e-06,2.61197017462723e-06,1.77554381844253e-06,0,0.031,23.5363353835939
0.00992827062295393,0.00683104436452723,0.00745057378077462,0.00110587726191356,0.00568423396983066,1.24116301963237e-05,4.2266323379068e-06,3.35989483464391e-06,2.59153045394478e-06,0,0.031,22.2079385268623
0.0014318147800561,0.00379812358749331,0.00846796681141153,0.00899549430964515,0.00830660051139391,2.27803533846779e-05,3.91979347874599e-06,1.533031720373e-06,6.95244529085824e-07,0,0.031,24.1004828831691
0.0064938174733295,0.008448394879347,0.00587114296522389,0.00568890902054504,0.00449773566155457,2.63256926655224e-05,4.31583956789905e-06,3.99005568923338e-06,1.12259061199101e-06,0,0.031,21.8731945482702
0.00197015794290273,0.00333533295539279,0.00343014146653277,0.00992519358905044,0.0123391740461213,1.11387439428219e-05,4.07562532314105e-06,2.76615731830598e-06,2.46561824867741e-06,0,0.031,24.4724222946721
0.00702349365975758,0.00714559835745411,0.0071976942011254,0.000748942485151807,0.0088842712965111,3.85741293060887e-05,4.24117533407649e-06,5.74067078685864e-07,4.67090889156747e-07,0,0.031,22.01866723834
0.00715966144923387,0.00327604703292651,0.0120702132322349,0.0018077682350154,0.00668631005058927,2.18217491022407e-05,1.72728962968606e-06,1.69202557891767e-06,1.57893640309467e-06,0,0.031,18.6460806636366
0.00879236124299699,0.00823466645738228,0.00542772627656141,0.00342820210807976,0.00511704391497957,1.79312723889604e-05,3.73560993088839e-06,3.04475732987996e-06,1.7327045460777e-06,0,0.031,21.3324403286688
0.00959181889410776,0.00351991084465386,0.0059126450858028,0.00261240290569769,0.0093632222697379,1.02050799487919e-05,4.66271725085951e-06,3.42030230117128e-06,5.4241190537361e-07,0,0.031,23.1759250014671
0.00397875285878943,0.00811027975509212,0.00953839394074258,0.00750235919367033,0.00187021425170555,3.01815258528191e-05,4.29957589270879e-06,2.33395863819538e-06,1.10957199973085e-07,0,0.031,21.8995237926404
0.00738951039752777,0.00786345073310933,0.00262806964739762,0.00990392719600094,0.00321504202596434,2.23092478780931e-05,3.07604374284288e-06,1.95562512604993e-06,1.89140864995728e-06,0,0.031,20.8204091070923
0.00649497554941977,0.00588969275279839,0.00696461014810532,0.00861999132687109,0.00303073022280543,2.37630796672893e-05,2.51264763105383e-06,1.94161458690646e-06,1.85955108131536e-06,0,0.031,20.2300366746012
0.00254203986887282,0.00681141067810275,0.00652150341480401,0.00613400990815761,0.0089910361300628,3.37654823201341e-05,2.98561993351953e-06,1.93214225432694e-06,8.27397282629643e-07,0,0.031,21.9556921058745
0.000998630434249281,0.00820198679094573,0.00765283888207299,0.00652013883727639,0.00762640505545562,1.92398434996941e-05,4.58513815866182e-06,2.58450933671923e-06,3.43183351260842e-07,0,0.031,25.0277653502896
0.00259389490005628,0.00273955713781437,0.00646585822321834,0.0139536564776262,0.00524703326128479,3.50243847774095e-05,4.68853817051889e-06,4.08229729592059e-06,2.55326376792376e-06,0,0.031,23.4678188328374
0.0063761390695733,0.00851456529567354,0.00255740718759961,0.008183304267718,0.00536858417943555,3.149621262783e-05,3.70682284638658e-06,3.1352998028532e-06,1.68538359418143e-06,0,0.031,20.9616305839818
0.0117947837276141,0.0118310672197174,0.000976793644949456,0.00332592033517618,0.00307143507254282,3.56469792110712e-05,2.59634710641915e-06,5.55813660113489e-07,3.38023973905322e-07,0,0.031,21.4028164623339
0.00458651926006632,0.00701242162121775,0.00970089309248257,0.00298355230316807,0.0067166137230653,2.32330530040551e-05,4.11418886457197e-06,3.5926148546716e-06,1.3175145798574e-06,0,0.031,22.2019373211753
0.00857786495096164,0.0073157093213384,0.00222728024545695,0.00451380274315802,0.00836534273908498,3.13931965033698e-05,3.43225794562193e-06,2.54284765828277e-06,6.60383810426206e-07,0,0.031,20.6306849222017
0.0111882964292436,0.00700203539211689,0.00284842270946956,0.000678239083513066,0.0092830063856569,3.87922086659305e-05,4.92111228507428e-06,3.95115912308534e-06,4.50084992750794e-07,0,0.031,23.1550177711826
0.00470267239129657,0.00522550654652635,0.00431876968575568,0.0111250291623257,0.00562802221409567,1.11243194761199e-05,4.15362165085433e-06,3.01031582593953e-06,8.31839118473651e-07,0,0.031,22.5632192056541
0.00923807347883269,0.00388393866994058,0.00403567878752576,0.00454321508176753,0.00929909398193344,2.52765631771092e-05,4.86154955757881e-06,3.35206430654251e-06,3.13452111400788e-06,0,0.031,23.1387595960943
0.00350772517170795,0.00624313556714596,0.00507584639337506,0.0104456573571181,0.00572763551065291,2.57378548341598e-05,1.30617219679619e-06,1.29004772475259e-06,5.71095431944353e-07,0,0.031,19.2170157350998
0.00213519231724048,0.00543199239908094,0.00313054774572238,0.0095743698314973,0.0107278977064589,3.19143652480369e-05,4.65615455870062e-06,3.10803553086568e-06,2.87731850342783e-06,0,0.031,24.0817881613672
0.00659264381854454,0.00408338296128439,0.00528308444138,0.0110790976160028,0.00396179116278824,3.11153136697396e-05,4.49780094007165e-06,3.32162944039595e-06,1.78021361479888e-06,0,0.031,22.2763000605589
0.0060781957617923,0.010780056408407,0.00625692950117768,0.00721952643915819,0.000665291889464841,3.54944522839769e-06,2.06726651786968e-06,1.10422513282985e-06,3.53815199270102e-07,0,0.031,22.5206574157579
0.0049314515519914,0.00710919995768173,0.00617017587040493,0.0110521730501975,0.00173699956972444,1.27033569477116e-05,3.68218967553628e-06,1.02452321385954e-06,8.02991096245001e-07,0,0.031,21.8094738438553
0.00167854452648946,0.00177867754291495,0.0151741740450975,0.0115361095141913,0.000832494371306791,3.81668160772884e-05,4.99200721918072e-06,1.67812252612242e-06,1.02444016567048e-06,0,0.031,1194.96092883748
0.00484747204944032,0.00901854667211974,0.0138882452488655,0.000485992719861049,0.00275974330971342,1.51990788682049e-05,4.49675888489923e-06,4.04526297510155e-06,7.68322715123107e-07,0,0.031,22.5255870397583
0.00362949485917723,0.00659632508758747,0.00884228789167106,0.00633099371119859,0.00560089845036566,3.39364796684806e-05,4.47393838354648e-06,3.54873064016526e-06,1.1489011220921e-06,0,0.031,22.6067481527263
0.0065019038316873,0.00321932420365221,0.00958625641420999,0.00279274953033767,0.00889976602011283,2.19000834984818e-05,2.67889959788797e-06,2.16390425641208e-06,1.41730691036615e-06,0,0.031,20.3062206962302
0.00448845700099906,0.00735874366652632,0.0079025013282811,0.00335183848937802,0.0078984595148155,2.73838017723743e-05,4.78900001250767e-06,4.26164803095649e-06,1.42740210995985e-06,0,0.031,23.1432426080019
0.00278446870653379,0.00600091437611042,0.00919920133132522,0.0105253751913516,0.00249004039467893,2.78002336288092e-05,4.46512634376339e-06,3.23777303193421e-06,1.38339872595806e-06,0,0.031,22.5342168014814
0.00827804071853871,0.00345360829790434,0.0021822522693252,0.0060938115733902,0.0109922871408416,3.82294407356194e-05,4.63762209759146e-06,1.12894137904769e-06,1.04212679320008e-06,0,0.031,22.6936850245896
0.011960484208902,0.00487892861755401,0.00693035168514667,0.0026733685570689,0.0045568669313284,5.33671415956743e-06,4.3651489682251e-06,2.80457959540628e-06,2.29041615140101e-06,0,0.031,22.6538342709922
0.00962084326595475,0.00589078521979975,0.00874507076313027,0.00354607804699384,0.00319722270412139,1.88292993252733e-05,4.86235867358217e-06,3.30838073563145e-06,1.89085744823608e-07,0,0.031,23.2768971198863
0.00442088838166975,0.0063740272306764,0.00416802543609535,0.00932017144735588,0.00671688750420262,3.73733082694768e-05,2.33025205192599e-06,1.05654437016632e-06,5.16142309113996e-07,0,0.031,19.5725862359427
0.00715128754722084,0.00720316370599562,0.0100904166712259,0.00441148068437737,0.00214365139118031,2.10775468567946e-05,4.90596001156658e-06,3.54966072219461e-06,1.75294019881574e-06,0,0.031,23.2095017238599
0.00787120940087922,0.000359695820527243,0.011334783090929,0.00893992238280924,0.00249438930485535,2.26625224728414e-05,4.45092409386152e-06,3.27007108458836e-06,9.67301917144216e-07,0,0.031,22.4514045638087
0.00932336398255932,0.00165794917351131,0.00870766259247753,0.00326637993050962,0.00804464432094222,3.55267434790123e-05,4.24043829571624e-06,8.57863866703695e-07,8.19330843080136e-07,0,0.031,21.9169122234446
0.00698295889940581,0.00237166826013596,0.0102813822892607,0.00721474326368377,0.00414924728751371,7.84096749986554e-06,2.19558189277334e-06,2.08579840273819e-06,2.0778829158831e-06,0,0.031,20.5157026358699
0.0103786439798482,0.0141193369672306,0.000824896354704622,0.00437261658375977,0.00130450611445676,2.98911717326862e-05,4.57362532595394e-06,6.08212356336947e-07,4.70076574753227e-07,0,0.031,22.676126211703
0.00423350170102516,0.00956166416172754,0.0121525196331254,0.0043472391763585,0.000705075327763373,1.19413359361261e-05,4.15141624832591e-06,3.40023840214338e-06,3.24592706394507e-06,0,0.031,1294.86374872984
0.00314821457251626,0.00860624023728478,0.00191039570517565,0.00865835285719559,0.00867679662782772,1.5414059058971e-05,4.07485532044587e-06,2.72946373267479e-06,1.33121622266907e-07,0,0.031,23.3124302436535
0.000930281909340489,0.0121345836644532,0.0125626796508532,0.00283339747976224,0.00253905729559084,1.91681235132415e-05,4.88079381571518e-06,2.83840676315136e-06,1.50221415502898e-06,0,0.031,24.4579764846949
0.000509211369993972,0.0122297619209624,0.00308122899198021,0.00849026642250982,0.00668953129455357,2.13622288860525e-05,2.89854516308625e-06,2.27252421049034e-06,1.6473393612318e-07,0,0.031,1092.94351301629
0.00316562768790621,0.0122495617372005,0.0113398258011941,0.0025763067021784,0.00166867807152078,3.99270505209591e-05,2.3968058128239e-06,2.22145075341207e-06,2.17545072597236e-06,0,0.031,19.6058241238331
0.0120634952889593,0.0126633341552471,0.00437126660163642,0.000969238263624741,0.000932665690532429,9.11020248088483e-06,3.28334073062466e-06,8.28419471746262e-07,1.01226334143883e-07,0,0.031,23.0269630016283
0.00436728413692712,0.00298845108745446,0.00178540737593427,0.00841096210835734,0.0134478952913268,2.80920533226792e-05,4.51278240947908e-06,4.48693452515686e-06,2.2946605971605e-07,0,0.031,23.558166740951
0.00414267143411791,0.00231910888874143,0.0152362301342521,0.0070392790094769,0.00226271053341165,1.17920304897393e-05,4.20035197360531e-06,2.27752020311945e-06,2.21212270987272e-06,0,0.031,22.1427779075822
0.00369285886761887,0.0100186611589617,0.0100927629829466,0.00664065474719804,0.000555062243274768,1.18057950172182e-05,4.70906393538551e-06,3.53797213040483e-06,3.1365430556158e-06,0,0.031,462.098533036974
0.0156480973087683,0.00694166360656273,0.00189174086390884,0.00311232537182478,0.00340617284893536,3.4706005096927e-05,3.52989782634598e-06,2.21852961189549e-06,3.13098225204909e-07,0,0.031,22.1061455199789
0.00753056942413612,0.00935672579912371,0.00266200213975409,0.00452266135069041,0.00692804128629567,5.81695088556232e-06,4.16991173803121e-06,3.24431969196912e-06,2.72210339239912e-06,0,0.031,22.4530791532376
0.00501206818112892,0.00773998864577831,0.00193176185990849,0.00810897857454583,0.00820720273863845,2.29726471215424e-05,2.31200468576056e-06,1.63768909174669e-06,1.03655829019455e-06,0,0.031,20.1869510418265
0.0123955449475111,0.00609613460159606,0.00143749020334733,0.000882070879638159,0.0101887593679073,1.5537601892999e-05,4.06453859949993e-06,3.82749923980898e-06,2.51378056419806e-07,0,0.031,22.1297433076225
0.0035392310131739,0.00286525558240758,0.010818928304391,0.00389192421657586,0.00988466088345164,2.78397685218898e-05,2.04859859512276e-06,1.82115168986737e-06,1.21133563186942e-06,0,0.031,20.1743408264018
0.0102153655007355,0.0091979945481194,0.00360016330688162,0.00210952347007963,0.00587695317418388,3.6970936365898e-05,4.2464373786314e-06,1.13751142974818e-06,1.11790056541877e-06,0,0.031,21.8872104449354
0.00458528002868699,0.0092476771649656,0.00120950373323769,0.0120481082773377,0.00390943079577201,9.95086823086725e-06,3.87913183745822e-06,3.69896471459361e-06,9.81692248925063e-07,0,0.031,22.0529470302129
0.00515527897780396,0.00615118509010653,0.00113042689482765,0.00676822052411367,0.0117948885131482,1.51563266127951e-05,3.7981804732163e-06,2.75362878271895e-06,1.57034834050339e-06,0,0.031,22.6839319521469
0.00377823533903389,0.00197419169842248,0.00114600398463619,0.0207081897086626,0.00339337926924479,3.2706460338919e-05,2.83351383481255e-06,1.24130732324589e-06,5.10928051297481e-07,0,0.031,20.7512658247023
0.0106863612777339,0.0081226990235741,0.00153254847154494,0.00894781454032134,0.00171057668682575,3.89932341733378e-05,4.2100128689229e-06,3.30780331725285e-06,1.44134959795728e-06,0,0.031,21.8953992280282
0.0118456486783087,0.0118987646827472,0.000555834182968273,0.00443549140199096,0.00226426105398485,1.83583568134965e-05,4.73728712960716e-06,4.16186001315162e-06,3.56996281212745e-06,0,0.031,23.0994567840282
0.00757424684730365,0.00686273051036154,0.00164658947651558,0.00932904892954122,0.00558738423627802,3.22519225736903e-05,4.66364526735486e-06,1.00021280564532e-06,1.35709966154341e-07,0,0.031,22.5169002683581
0.0059401259877242,0.00335139595395995,0.00408100220589368,0.0097376558361516,0.00788982001627058,2.19111337275841e-05,4.09220712863543e-06,2.45728745386761e-06,2.35164555839948e-06,0,0.031,22.3332960625512
0.000606825741531718,0.0157762003903295,0.00904218312753961,0.00260105882504646,0.00297373191555275,2.2840800094306e-05,3.12338725962337e-06,2.72733492931455e-06,1.63583056574458e-06,0,0.031,62.8909840429097
0.00586593107348193,0.00948614432416854,0.00314867098923228,0.00471441193234108,0.00778484168077617,3.15070040603955e-05,3.65718819485107e-06,1.42668022956023e-06,1.33654682163316e-06,0,0.031,21.2279898509277
0.00624143956865787,0.00300924927605226,0.00518714611170129,0.00849806121188955,0.00806410383169904,3.62972540119714e-05,4.5781910897006e-06,1.83754470287763e-06,1.28625578340442e-06,0,0.031,22.6612065274755
0.00663360408190881,0.00604368319951719,0.00612527471933548,0.00631303858540388,0.00588439941383465,1.8845587956997e-05,2.85089399929602e-06,1.6004436434675e-06,1.12133628256982e-07,0,0.031,20.2960285942211
0.000559955179172205,0.00954706180456768,0.00697333459082881,0.00611057503275862,0.00780907339267269,1.63359949260838e-05,3.96883046022225e-06,2.88310340621374e-06,2.74509805768279e-06,0,0.031,24.9174972115572
0.00321734885846167,0.00482040469228846,0.00761866297891048,0.00794200943674379,0.0074015740335956,1.62646809019124e-05,2.1481481456989e-06,1.20571340873632e-06,1.08686685579052e-06,0,0.031,21.0158746870409
0.00828919883864955,0.00697176389845345,0.00529648436838107,0.00813050630766861,0.00231204658684733,1.39083698414035e-05,4.06851878031317e-06,3.12266434524121e-06,2.73629208519471e-06,0,0.031,22.0980142090096
0.00897469723842094,0.00574478924180775,0.00389312500187586,0.00609316370241662,0.00629422481547884,1.20897141218099e-05,4.10151604436756e-06,1.4207219294265e-06,6.91380038137483e-07,0,0.031,22.0207688934136
0.0033125000146111,0.00711266092620429,0.0129662190051788,0.00519095223557985,0.00241766781842596,4.84949007424612e-06,3.78279711141526e-06,3.41109819115164e-06,1.83833089273326e-06,0,0.031,21.9545119815692
0.00714625902869291,0.00489993229068212,0.0105823894930659,0.000651710547647597,0.00771970863991148,3.2869168023406e-05,3.12742987941584e-06,2.55522573413088e-06,1.27570792496313e-06,0,0.031,20.3047322917636
0.0036623357202166,0.00424624115064114,0.00896938446601204,0.00861753029260176,0.00550450837052846,1.19542141060837e-05,4.08346481090075e-06,3.62508081606913e-06,2.24942096327182e-06,0,0.031,22.6804300721344
0.00107203558436947,0.00929266766674316,0.00162142820846722,0.00645204596052192,0.0125618225798982,1.77712907868253e-05,4.45050456705468e-06,3.18412702962735e-06,1.87525638423045e-06,0,0.031,26.2696801888755
0.00610920460053216,0.00576475782080683,0.0106475151050635,0.000759878463854762,0.00771864400974277,3.12411462982947e-05,3.92456318629006e-06,6.12101692551733e-07,3.67880033413856e-07,0,0.031,21.6962402922958
0.00183933852181437,0.00796704815911065,0.00857917646425054,0.00358710091198581,0.00902733594283863,6.89495631126783e-06,4.99122685160069e-06,1.97142033807243e-06,1.44188786920757e-06,0,0.031,24.6611858925615
0.00604043219314424,0.00347365529690553,0.00713606314023278,0.00585374802966448,0.00849610134005296,6.70755734681352e-06,4.69095617344856e-06,4.42511618202508e-06,2.56990716896645e-06,0,0.031,23.4627006512699
0.00281824206909565,0.0144967533932329,0.00403320431978442,0.00175238292156054,0.00789941729632644,1.41069670295309e-05,3.2459451013023e-06,2.47234455771962e-06,1.7054211468584e-06,0,0.031,22.6733507311001
0.00127980402401677,0.0116262426861064,0.00521938404978628,0.00803852079066238,0.00483604844942817,1.64099169738449e-05,4.56322782141922e-06,2.88416478401114e-06,7.5735840698266e-07,0,0.031,24.3478880738695
0.00365073445408722,0.00511199360355119,0.00140330053934384,0.0128678860246513,0.00796608537836649,1.64954888607743e-05,4.50566793568848e-06,2.52439765100053e-06,1.47116826524672e-06,0,0.031,23.5009604164528
0.00625045318476237,0.00926148884501871,0.00381097055752715,0.00921593910301339,0.00246114830967839,3.03985630190237e-05,3.24784146130236e-06,2.51822657241401e-06,6.98954964730676e-07,0,0.031,20.8298640889139
0.00956128620756952,0.00531599510255914,0.00657910906053699,0.00262353349788867,0.00692007613144568,3.64759567094479e-05,4.08009768709931e-06,2.96963661016199e-06,1.94183838927585e-06,0,0.031,21.5596321223063
0.00721967444202955,0.0067337100014706,0.00300381728152773,0.00719311022832065,0.00684968804665147,5.96236732188211e-06,3.77241674170221e-06,3.27170439516423e-06,2.46501419706119e-06,0,0.031,22.0294434968683
0.00537716010085018,0.0120616533057501,0.00936967664299931,0.00245294736851274,0.00173856258188763,2.21261973689575e-05,3.71684313424289e-06,1.85657545393089e-06,1.16699075229116e-06,0,0.031,21.7156762398302
0.0032568825412094,0.00167974451548602,0.0142915724050921,0.00791160119434103,0.00386019934387145,3.43106599109864e-05,2.52578967649183e-06,2.51673567154125e-06,3.38950230756866e-07,0,0.031,19.8978919726072
0.00419625037678598,0.00627926400203965,0.00595845921667993,0.0074076758986198,0.00715835050587464,4.47690519956847e-06,4.11470645529513e-06,3.45766626480621e-06,7.89234389643323e-07,0,0.031,23.0142933716122
0.00618190714115303,0.0122134373962872,0.000781710548510289,0.00389623362971751,0.00792671128433195,1.87420543634037e-05,2.48996243935866e-06,1.2810292056282e-06,8.86629042284422e-07,0,0.031,20.2437343671358
0.00071012604767357,0.00124111445628235,0.00700517440956651,0.0122267242310757,0.00981686085540185,1.46242068699325e-05,3.36511166744456e-06,2.09734643564466e-06,1.24522971653743e-06,0,0.031,28.3235668452957
0.0102538258050113,0.00584552969713607,0.0106621868070751,0.00181069453483458,0.00242776315594298,1.49568021601715e-05,3.61878930348543e-06,3.2422796423537e-06,2.25233612181356e-06,0,0.031,22.3198791262728
0.010335554811424,0.00558635028601554,0.00256687552140412,0.00467932290621575,0.00783189647494058,6.64813670387946e-06,3.63162863542543e-06,2.73592176204301e-06,1.6932400114696e-06,0,0.031,21.7892482188402
0.00581125147266056,0.0082512698492493,0.00110824330319426,0.0105857746837476,0.00524346069114833,2.70961841900472e-05,4.50340845711001e-06,4.43724436805149e-06,3.33809881188229e-07,0,0.031,22.4398420985062
0.003013038337508,0.00521621057515647,0.00743799276175364,0.00715335534083993,0.00817940298474196,2.68439546182195e-05,4.89649925437297e-06,2.17306192627688e-06,1.85685448614718e-07,0,0.031,23.7588211451728
0.00969356878173365,0.00189529834127022,0.0038700465437986,0.00880333534259677,0.00673775099060076,3.15047573477665e-05,3.83101763125778e-06,2.134216652756e-06,2.11723473717511e-06,0,0.031,21.1444586039385
0.0106234094024265,0.00506422525133805,0.0053223778646581,0.000910685155939174,0.00907930232563821,1.13793307682783e-05,4.32377304988496e-06,6.30648667240895e-07,5.15085503711036e-07,0,0.031,22.6011898311433
0.00114672226590111,0.00469004458002057,0.00364013932684128,0.00893620048325847,0.0125868933439786,4.29934438704673e-06,4.18947985727289e-06,3.73301696930796e-06,9.06315455998424e-07,0,0.031,26.2355744154625
0.00160035964477151,0.00631849021182742,0.00507099240780407,0.00625652230827218,0.0117536354273248,2.04908702558173e-05,4.58896984444639e-06,4.10040942472048e-06,3.90993322027438e-06,0,0.031,24.5449775356811
0.00879270094023448,0.00163922180583071,0.00973376881878487,0.000953452505074873,0.00988085593007507,3.47173776658298e-05,3.74421784601409e-06,2.83743963061263e-06,2.45694763845513e-06,0,0.031,21.3615457961411
0.00751440197111418,0.00330443487365879,0.00721543087053436,0.00181714997598002,0.0111485823087127,2.57537913782251e-05,3.82785443356629e-06,2.20253146842749e-06,1.2591575503896e-06,0,0.031,21.9585821012912
0.006136647917943,0.00233252604963097,0.00770877645316775,0.0109748495104954,0.00384720006876283,3.93669730009094e-06,3.48579056303004e-06,3.1516830583897e-06,1.52477240594253e-06,0,0.031,21.7348355535773
0.00469492352020924,0.00852829094801877,0.00801780750445646,0.00776258948450964,0.00199638854280588,5.9157735209959e-06,4.42641211964288e-06,2.95998916974718e-06,1.36060547494398e-06,0,0.031,22.465800607916
0.0083752431199367,0.00329867659178876,0.0126520314500059,0.00346727359184817,0.00320677524642046,2.14873688247627e-05,4.88230257129585e-06,2.88704442368794e-06,2.500490045054e-06,0,0.031,23.2859798525461
0.00129322907679812,0.00641045458254491,0.0101054534710865,0.00809631648173707,0.00509454638783336,3.23713369840931e-05,4.41736942346808e-06,2.13195473380616e-06,1.59263853254343e-06,0,0.031,23.9122530582489
0.00953780831112365,0.00912589101066196,0.00587652572303824,0.0043674964465541,0.00209227850862206,3.55886783815558e-05,4.49711336741156e-06,4.01753816952384e-06,1.10608105051552e-06,0,0.031,22.4622256114017
0.0100259802831874,0.00649865401785148,0.00449655920768808,0.0055454149799085,0.0044333915113645,3.44633846310213e-05,4.26297362704495e-06,2.8021561280953e-06,1.43247369959605e-06,0,0.031,21.8101243011515
0.0124718315845184,0.00191667792747242,0.00395597304977134,0.00987022776611893,0.00278528967211892,2.29121016065629e-05,4.88514672954896e-06,3.99782787840386e-06,1.20294654418359e-06,0,0.031,23.3661103282902
0.00687267177064251,0.0013060375471508,0.0108683570395507,0.0112456857235595,0.000707247919096495,7.83115096540963e-06,2.28946267323114e-06,1.1391219754048e-06,8.54679915937971e-07,0,0.031,24.9330717759095
0.004487293353762,0.00285669136173652,0.0104144679291479,0.00860809328812989,0.00463345406722366,1.67601922892212e-05,4.63850500902427e-06,2.32002537474069e-06,1.71423390163332e-06,0,0.031,22.9788188415942
0.00477494640236731,0.00941319581818134,0.00756548601282925,0.00698054997670018,0.00226582178992193,7.96150943835943e-06,3.11086538484469e-06,1.63717947964648e-06,7.82780641758361e-07,0,0.031,21.4466229208735
0.0043153385686853,0.00927060013531488,0.00936014569758114,0.000953245957728031,0.00710066964069064,1.50628641027301e-05,4.9610834220426e-06,4.20809108065694e-06,3.43945281129783e-06,0,0.031,23.6132344134435
0.00263204514430612,0.0079265472665266,0.0111761207274847,0.00559688312021697,0.00366840374146563,3.524975930096e-05,4.76702646296802e-06,3.85100003318745e-06,3.30471122451178e-06,0,0.031,23.0160200061313
0.00782436799249758,0.0100043112919661,0.00371925574908544,0.00633593480685207,0.00311613015959886,3.97681474795811e-05,3.98250814435654e-06,3.86882232189803e-06,5.23737399476448e-07,0,0.031,21.2011840152733
0.00527615715038249,0.00532643034120178,0.0148859925201446,0.00145217546822381,0.00405924452004733,2.36970118962268e-05,4.09424601781185e-06,2.97510452415736e-06,1.41119004919448e-06,0,0.031,21.785706436666
0.0067427095062861,0.00474067318050256,0.0081152189414577,0.0103398028165123,0.00106159555524137,3.65605231448093e-05,4.55036296109761e-06,2.08187581495407e-06,4.24208773265335e-07,0,0.031,22.4238731043613
0.00870854202139492,0.00504386691838037,0.00256950385457377,0.00531163017489471,0.00936645703075622,3.48868428342864e-05,4.75927697800892e-06,3.06377510606127e-06,2.96995762306527e-06,0,0.031,22.7957056332609
0.00978798573284109,0.00631166360854284,0.00571659276937263,0.00347955903881277,0.00570419885043067,3.80072024716312e-05,4.97101056261977e-06,2.99156592474671e-06,1.86513594207419e-06,0,0.031,23.1890966368206
0.00352692278986393,0.00921939094536111,0.00702561856227028,0.00886343281491297,0.00236463488759172,2.06282909915235e-05,3.72131337001318e-06,1.28830602314729e-06,1.24791386454425e-06,0,0.031,21.4545079314193
0.00128057515083628,0.00877806494802725,0.00796217954057303,0.00494899884747415,0.00803018151308928,2.39180649067303e-05,1.97675584394089e-06,1.43615275930126e-06,1.21374579321879e-06,0,0.031,23.9194296358348
0.00393092981118922,0.00657979606844507,0.00845611055531996,0.00731357506292253,0.00471958850212323,1.4549794916501e-05,2.72807811242571e-06,1.3748735972043e-06,1.31595810314391e-06,0,0.031,20.8628663718502
0.000844637745484921,0.00890863721476459,0.00433379006987126,0.0108487013351855,0.00606423363469372,2.6593455984562e-05,4.8348594003676e-06,4.63325638280097e-06,4.13972723012175e-06,0,0.031,25.3117218553684
0.00724550120789362,0.00559366638769158,0.0069179487146147,0.00714210423697748,0.00410077945282263,3.40966228106737e-05,2.31941194577311e-06,2.23891477307556e-06,1.22189122416802e-06,0,0.031,19.0886640761239
0.00761810699867767,0.00155889616418242,0.00452705350884377,0.00838007938215676,0.00891586394613936,2.84012163147802e-05,4.28068575655406e-06,3.10618680773708e-06,2.3787023944069e-06,0,0.031,22.2969603845215
0.00102153864185758,0.00778411228597631,0.0080736011484889,0.0098800707226356,0.00424067720104162,6.01371762935647e-06,3.69482189499112e-06,2.42781108487989e-06,1.99743217227309e-06,0,0.031,24.4019119331051
0.0156817014509543,0.00216924693915048,0.00662971205342869,0.0046630127414155,0.00185632681505103,1.73555162545106e-05,4.31521015664736e-06,3.36957257134493e-06,2.78587364347032e-06,0,0.031,22.7707862595965
0.000465454996211969,0.0122348623039018,0.00844054456798959,0.00548282171094644,0.00437631642095021,1.68975505160462e-05,3.74316980188924e-06,3.7372151558529e-06,2.74128348824677e-06,0,0.031,931.437065468501
0.00589421928190018,0.00439567358395566,0.00705279844889602,0.00866513393132727,0.00499217475392087,3.62988857762671e-05,1.89228812743075e-06,1.49329606096629e-06,1.02013743020202e-06,0,0.031,18.3572171741557
0.00324279644523926,0.00508616757011622,0.00715868032419583,0.00704235087500588,0.00847000478544281,2.56429347850967e-05,3.47948932341389e-06,3.34199517513848e-06,3.51823200201508e-07,0,0.031,22.2218113304106
0.00276319955418779,0.00687046112554762,0.00135514968616012,0.0111561052655894,0.0088550843685151,2.30361974461169e-05,4.05659457856098e-06,6.22408696093401e-07,4.62369357454034e-07,0,0.031,23.375076460468
0.00220400288616357,0.00698496490958925,0.0095229118428259,0.00215340799425806,0.0101347123671632,2.99700676917202e-05,4.86981588723813e-06,3.89099912738603e-06,1.08010491413439e-06,0,0.031,23.8873083935822
0.00416764781588869,0.00552971782424749,0.00479534736758043,0.0114682130189896,0.0050390739732938,1.05526624896812e-05,3.88940600608857e-06,2.11355686743949e-06,1.26227706794954e-06,0,0.031,22.2998158102524
0.00300411633294307,0.0099566545518997,0.00940251684733835,0.0058275401436875,0.00280917212413138,1.26098678672996e-05,3.83422098442587e-06,2.47493949910956e-06,1.30431093445927e-06,0,0.031,22.0073578963728
0.00421939983840468,0.00267677026121929,0.00797679427463083,0.00778595346409003,0.00834108216165517,2.24423608942841e-05,4.44498599267143e-06,3.11848214735353e-06,3.02972716389721e-06,0,0.031,23.1474517786396
0.000965394638663329,0.00541289272125163,0.00682475339050566,0.00608268590571875,0.0117142733438606,2.36152787495224e-05,4.21435371728265e-06,3.24300782731838e-06,4.97163214977945e-07,0,0.031,26.0506601781198
0.00670856282956562,0.0117315609715611,0.00758367848873352,0.00104265141929656,0.0039335462908432,2.602447694601e-05,2.10001594950041e-06,7.69284499311931e-07,2.28956835816483e-07,0,0.031,19.7284473059739
0.0144352951102159,0.00120963661687687,0.00899933336935835,0.00336289566070405,0.00299283924284487,3.50178734416365e-05,4.93055296099428e-06,2.88233411002189e-06,2.75891135276962e-06,0,0.031,23.5911286730685
0.00878167308276708,0.00757108491489637,0.0102481342365887,0.000394124397750633,0.00400498336799726,4.60926040929464e-06,4.51558444137551e-06,2.90578058349735e-06,6.44342812997773e-07,0,0.031,22.6863407140998
0.00821224567332185,0.00348972658917579,0.00555147131973579,0.00709857957194711,0.00664797684581946,3.19210183353695e-05,4.8487305227633e-06,1.67820486631624e-06,7.90676747046933e-07,0,0.031,22.9219788570323
0.001296455434223,0.00679400613859797,0.00895122660023959,0.00794437899011727,0.00601393283682217,3.7484254955906e-05,2.32799888246225e-06,3.51983137923161e-07,2.3661362870898e-07,0,0.031,22.8178679434009
0.0102586097898795,0.00768408767923801,0.00204509797435707,0.00940064293867201,0.00161156161785346,2.73952030569666e-05,2.50809810142621e-06,2.11354020895814e-06,1.31207528828039e-06,0,0.031,21.8957054489095
0.00728074205871531,0.00695727950327091,0.00997555321167983,0.00484160715624367,0.00194481807009028,1.6956690850708e-05,4.34458299701148e-06,3.03572157825096e-06,1.55217063849173e-06,0,0.031,22.3278045421664
0.00536299612143135,0.00718996082705392,0.00836299556859853,0.00131535890915693,0.00876868857375928,2.63911913935139e-05,3.82653382529535e-06,3.27845424698309e-06,2.12368123590793e-06,0,0.031,21.9123289572199
0.00657351217718054,0.00607782206935606,0.0105603972172018,0.0039904119631436,0.00379785657311797,2.36629398246797e-05,4.38408522271095e-06,4.35464690618398e-06,6.78539784414181e-07,0,0.031,22.0409942002771
0.00849475461628491,0.00649495095459834,0.006591939544911,0.00505095787527129,0.00436739700893446,4.84043105809714e-06,2.14860657683992e-06,1.84096964969453e-06,1.06056640302887e-06,0,0.031,20.8365235673086
0.00679364574705739,0.00665696266766955,0.00725611362966949,0.005407441967829,0.00488583598777457,1.35918605696335e-05,3.54223682102738e-06,2.59168998241621e-06,1.09859271868931e-06,0,0.031,21.2186495757505
0.0025792730206871,0.00288692648013956,0.00221958002358768,0.0084280298079942,0.0148861906675915,6.06767135323386e-06,3.60259356748524e-06,1.5733433830992e-06,7.06074789062859e-07,0,0.031,24.3521148496235
0.00771006120302494,0.0101166968758792,0.00313489830766111,0.000371900108729716,0.00966644350470506,2.76984640599588e-05,3.06073457488742e-06,2.68770363273648e-06,8.18290704871553e-07,0,0.031,20.4528473102036
0.00565306858055485,0.00653378611690174,0.00577453317214901,0.00678073819783558,0.00625787393255882,2.53482987685323e-05,3.63502722414623e-06,2.38036640195445e-06,4.61726797973469e-07,0,0.031,21.2393518105771
0.0048015177221441,0.00577253068438056,0.0055843807292885,0.00763521168546969,0.00720635917871714,6.83782373128077e-06,4.87580859892402e-06,3.22563217910589e-06,1.20404186317128e-07,0,0.031,23.6480479582429
0.00688676265087874,0.013924341373659,0.00240767340953286,0.00259626524300264,0.00518495732292671,3.89413831237246e-06,1.99986994970894e-06,1.56695590232401e-06,5.38933900906368e-07,0,0.031,20.7930120954032
0.00267696647608012,0.000737853646739829,0.0121062542322844,0.014737658837161,0.00074126680773465,1.10037173941229e-05,1.8843775373007e-06,1.48627268633493e-06,7.38225886161847e-07,0,0.031,40.1121337964151
0.00352776899781133,0.00657749023110679,0.00566139255980147,0.00720029520755317,0.00803305300372723,2.89861840232528e-05,4.97679627753831e-06,2.74426082674573e-06,1.6080210680728e-06,0,0.031,23.655634442336
0.00523611787672244,0.00105426546057106,0.0108100304215411,0.0060348185053026,0.00786476773586281,2.04721729136893e-05,4.61322950009883e-06,4.57154881883838e-06,2.87005722666554e-06,0,0.031,23.1426717852958
0.0112659640555307,0.000869502729129561,0.00427856935691215,0.00301388997082552,0.0115720738876021,2.57865775951418e-05,2.6824219103598e-06,2.24605257091447e-06,5.08889837286673e-07,0,0.031,19.8269348118456
0.00566082974281544,0.0109795675569175,0.00671825878923632,0.00329541721375175,0.00434592669727893,1.24131452482445e-05,1.3319246587986e-06,1.2142456167383e-06,1.10712896510349e-06,0,0.031,19.3923598304194
0.0068068615618839,0.0109128731930361,0.00159294218293206,0.010750442585129,0.000936880477018988,3.70908137319419e-05,3.2599814235682e-06,2.37367365013549e-06,1.91167796217407e-07,0,0.031,21.4148128312991
0.0081180273223657,0.0094406365861658,0.00450184384942577,0.0034478607041587,0.00549163153788403,2.87657195386831e-05,2.45360934034927e-06,1.93890568469357e-06,8.16180250426434e-07,0,0.031,19.3675526276233
0.00375492701274533,0.0159255968242077,0.0033311112603136,0.00486812005816997,0.00312024484456341,1.27722656435287e-05,4.10239003451568e-06,3.93618082128063e-06,2.946889904504e-06,0,0.031,22.2044864655147
0.0112299872240073,0.00509903016490672,0.00311364766820709,0.00147746310012619,0.0100798718427527,3.06473831198616e-05,4.55550023552291e-06,3.95583902938523e-06,3.04900803399257e-06,0,0.031,22.655427579942
0.0112990044264018,0.00964635770699825,0.00239316084827799,0.00539423565805833,0.00226724136026364,3.38739076092565e-05,2.15988873261541e-06,1.91900059547169e-06,1.21631039807207e-06,0,0.031,21.4548899723049
0.00549831205596398,0.00951982542826714,0.00372207157116322,0.00961262247380641,0.00264716847079926,4.45797497893673e-06,4.06542473004426e-06,3.52993788598982e-06,2.50878804881324e-06,0,0.031,22.0841153196961
0.00950243978856059,0.0039757777001257,0.00221865439134494,0.00513541949009112,0.0101677086298776,2.36941832170692e-05,3.27571836955092e-06,1.99647560340284e-06,1.68922716446778e-06,0,0.031,20.8660473690784
0.00641364672580861,0.00214254519174652,0.00362582862963773,0.00548807942745355,0.0133299000253536,2.41796031661565e-05,3.91478519757703e-06,2.69717041642434e-06,1.21821342028224e-06,0,0.031,22.4768944087585
0.000608206021243261,0.00256642135520769,0.00369124200291497,0.0123851878820424,0.0117489427385917,7.35763993459685e-06,4.07577021413522e-06,2.42987450401789e-06,4.21587777817382e-07,0,0.031,31.7039444840171
0.00375515331255689,0.00601719447333219,0.00943506458163532,0.00337051619532839,0.00842207143714721,1.91476178159819e-05,4.14612638107706e-06,3.63743956333525e-06,2.43066237472172e-06,0,0.031,22.8162792930415
0.00557334221187006,0.00809218548288566,0.00659340033159396,0.00438267403249255,0.00635839794115777,2.05482344385742e-05,3.16486499085511e-06,2.39643301881138e-06,1.21304187500088e-06,0,0.031,20.7975951573983
0.0123359487547851,0.00889840022896365,0.00296153319418624,0.00584619984745031,0.00095791797461467,1.51366032977062e-05,4.16318211858816e-06,3.12047723703683e-06,7.81557207878287e-07,0,0.031,22.5175947660002
0.00526350441637377,0.0017599687520512,0.00822462654709075,0.00505352177200322,0.0106983785124811,1.88930505268482e-05,2.1697188745581e-06,8.54954209201487e-07,5.57144340482087e-07,0,0.031,20.2087902989305
0.00177628086470683,0.00720410456293775,0.00674881969570166,0.00963324979947666,0.00563754507717709,8.55805121658203e-06,2.54575091012406e-06,1.22650709146287e-06,7.43422821634073e-07,0,0.031,22.9868044733979
0.00818244599844823,0.000774291544701128,0.00757655402193124,0.00902435612702838,0.00544235230789102,2.56921415144995e-05,3.2910705850512e-06,2.95413901470736e-06,2.18970723432456e-06,0,0.031,20.5203724920558
0.00138198798803553,0.00697035623205566,0.00814947451618642,0.0090507592021965,0.00544742206152589,7.34578649443093e-06,3.67727671916816e-06,3.57752932921186e-06,3.44906148258576e-06,0,0.031,24.0256994285677
0.00816567473539429,0.00225039567001575,0.00838823889236565,0.00274762949964543,0.00944806120257887,1.46337701876419e-05,2.94575216291323e-06,2.47855603265161e-06,4.86993769884868e-07,0,0.031,20.9508941344697
0.00869340009524549,0.000727176129184167,0.00564183888628288,0.00844679682482057,0.0074907880644669,3.04176326118129e-05,1.6107178821711e-06,1.24267860341122e-06,4.13977762007674e-07,0,0.031,17.4814160757206
0.0085740327897413,0.00421576898958387,0.0125029124408811,0.00397724011854964,0.00173004566124405,3.7559818212941e-05,4.78446668747896e-06,3.63062196463077e-06,2.97599040260122e-06,0,0.031,23.0710519283769
0.00388467465557672,0.00871887313556206,0.00455029314564157,0.00947250299476777,0.00437365606845188,2.06493257820638e-05,4.26755687717918e-06,1.93849210979478e-06,6.68071761297795e-07,0,0.031,22.4341395983414
0.00903628084720024,0.00537989004449361,0.00329393073117342,0.00409935815483756,0.00919054022229517,2.71849585874727e-05,3.58801280721782e-06,2.03721227539987e-06,4.96298520093832e-07,0,0.031,21.1081221564069
0.00108959687770831,0.00684338833893614,0.00854225422996414,0.0121448147912174,0.00237994576217404,1.35720178159295e-05,4.65368715488449e-06,1.88383724060195e-06,9.64523471633861e-07,0,0.031,24.0122080876044
0.00600033224390489,0.00710667649649404,0.00631342217625034,0.00653196598075219,0.00504760310259854,3.08292747100651e-05,4.66902803287646e-06,4.08394591395937e-06,4.22325149148942e-07,0,0.031,22.5086161807744
0.00800660823965492,0.000621145283845291,0.00796366805904183,0.00751869948793798,0.00688987892951999,3.56068051182634e-05,4.26702459615386e-06,1.48824197784904e-06,7.71022369886785e-07,0,0.031,21.8308883049998
0.00699580859859459,0.00567438951306152,0.00559927096197042,0.00812349353992165,0.00460703738645182,1.79729099601402e-05,4.84565194457861e-06,3.47948484375829e-06,4.45347524528015e-07,0,0.031,23.0067917747162
0.00876909546054543,0.00170964737093172,0.00916176487644617,0.00196058996828874,0.00939890232378794,3.73720936790773e-05,3.30728459535148e-06,2.79228605488803e-06,2.02673220871266e-06,0,0.031,20.5407213924032
0.00357159366645667,0.0015683684360846,0.0113461441805594,0.0077596545462303,0.00675423917066907,3.80679918419955e-05,4.82368409332802e-06,3.81705586249779e-06,8.66242176643683e-07,0,0.031,23.383496999796
0.0090115572996398,0.00895503632468474,0.00512838815593556,0.00625252714566693,0.00165249107407297,2.76509249905501e-05,4.42978838813653e-06,3.06339416129587e-06,1.0334110248058e-06,0,0.031,22.3455888269225
0.00870412298531225,0.00559853133151634,0.00577953275101305,0.00276017285765184,0.00815764007450653,2.68440085257261e-05,2.43339320098017e-06,2.38426514773873e-06,1.05910172760372e-06,0,0.031,19.3914590903974
0.00781470895499772,0.00618742060828579,0.00410949405778959,0.00605516704267759,0.0068332093362493,1.93666134970212e-05,4.02985281188224e-06,2.64887034799331e-06,4.25062081280547e-07,0,0.031,21.7926034726892
0.0129628675003284,0.000644701695132916,0.00239130502277017,0.00173244021038665,0.0132686855713818,2.44615713139103e-05,3.99518043172839e-06,3.73631583338984e-06,1.32328424916702e-06,0,0.031,21.9624746311089
0.000510581547286751,0.00547980909647614,0.0109797053980419,0.00585109373625368,0.00817881022194151,2.69879980599586e-05,3.81298044207354e-06,2.34771726081374e-06,1.78478999845437e-06,0,0.031,26.0237985292477
0.00133326732246941,0.00139330188888131,0.0117117877927201,0.0144952829487535,0.00206636004717575,1.55917016681966e-05,4.5488382651756e-06,2.73546774514804e-06,1.41001004716388e-06,0,0.031,172.449230293577
0.0052137619432493,0.00403858571456615,0.00670126435993701,0.00643440634008439,0.00861198164216315,4.94094424406565e-06,4.23891551536427e-06,2.10940613300611e-06,8.32235645112109e-07,0,0.031,23.1358002607365
0.00866463150909579,0.00327972352059367,0.00912154018514592,0.000802456479917575,0.00913164830524705,1.75784597546371e-05,3.585635114173e-06,8.70173151971066e-07,1.08141896372889e-07,0,0.031,21.5890407989744
0.00678988650518021,0.0062835822496889,0.00846585674479864,0.00672231946142742,0.00273835503890483,2.65415654560582e-05,4.36355420935137e-06,3.9123602775894e-06,7.84125985051088e-07,0,0.031,22.0119430223707
0.00123047737891047,0.00511943295165006,0.0123907209114135,0.00740157331339477,0.0048577954446312,3.9535341780295e-05,3.59782587400603e-06,1.22748867395911e-06,6.32179453872766e-07,0,0.031,23.158439634718
0.00237529526101045,0.0124826686227807,0.00884892960665018,0.00194446934592323,0.00534863716363541,2.85396580010743e-05,2.3394361153922e-06,2.1111892477898e-06,1.19412788198001e-06,0,0.031,20.6934450341774
0.0112057504988781,0.00606525070875157,0.00429538821757384,0.00629722929443261,0.00313638128036389,3.63658668328074e-05,4.56335787133678e-06,3.85188365272586e-06,1.421858830051e-06,0,0.031,22.5840897082453
0.00361751675984549,0.0127715622549108,0.00421500134615869,0.00409786302542062,0.00629805661366437,9.90447856585378e-06,3.93822870360814e-06,2.89955743940761e-06,1.01967632805976e-06,0,0.031,22.7634352109107
0.00858603660353559,0.00819645014776103,0.00818248295811356,0.00307707718016105,0.00295795311042877,1.05581418633918e-05,3.58450282059411e-06,3.20548188532244e-06,1.62478366196792e-06,0,0.031,21.8339311853226
0.0101995735679862,0.00510815417690787,0.00361597828345095,0.00939637655870293,0.00267991741295208,6.70069009057412e-06,4.21217772363331e-06,2.90857649605043e-06,1.66375310131848e-06,0,0.031,22.5500435872307
0.00213669986432311,0.010857737088254,0.0083131124050175,0.00613018868701081,0.0035622619553946,7.51923219443377e-06,3.94913277872667e-06,3.77191008924159e-06,2.82208491148615e-06,0,0.031,23.0194399481371
0.0119290292131105,0.000928233222555984,0.00102098090700829,0.0106001035911549,0.00652165306617035,3.38776640052489e-05,4.8850143284099e-06,3.60931629972391e-06,2.62646307181835e-06,0,0.031,23.0391470080074
0.00956958024582492,0.00774773962083795,0.00613146562674898,0.00615380476697047,0.00139740973961769,3.45349887079159e-05,4.67898679897606e-06,4.61875887059659e-06,3.47267258429525e-06,0,0.031,22.7359561881073
0.00603410975074933,0.00767322361331719,0.00460302924980178,0.00640961827851555,0.00628001910761615,1.87351147279921e-05,2.74975256348661e-06,1.64770359299336e-06,2.5907180885252e-07,0,0.031,20.3268014397752
0.00990535899285474,0.0122708373799819,0.00242336196083585,0.000619431454037981,0.00578101021228952,2.88123471974466e-05,2.91703596583993e-06,2.60523734220334e-06,1.11667291632359e-06,0,0.031,20.2999185969169
0.00403858180410415,0.0103336511414555,0.00442022947739993,0.0045362050642449,0.0076713325127955,3.55093443329199e-05,2.53612577071113e-06,2.45042310049834e-06,1.37274008856225e-06,0,0.031,20.064320670395
0.00878532336488341,0.00965137426961318,0.00222125718419029,0.0012029782394695,0.00913906694184362,2.83750033959205e-05,4.71994026956173e-06,2.99643486381283e-06,1.04626152571047e-06,0,0.031,22.8877621646055
0.0076962229603605,0.00303139253005481,0.00681585817716117,0.0104508318722486,0.00300569446017496,1.45226857835661e-05,3.71404669795256e-06,2.81559038215727e-06,2.07074515854752e-06,0,0.031,21.7035698749485
0.00288237475113373,0.00518993220989409,0.0107689544662458,0.00200112092591871,0.0101576176468077,2.12612183495378e-05,3.24014510992993e-06,3.07067007586849e-06,7.70994243164006e-07,0,0.031,22.3945735045855
0.00489838853720329,0.0108154896431824,0.00358856088652,0.0105208372755343,0.00117672365756004,1.29056881855536e-05,3.10004400095032e-06,1.51819758067316e-06,3.55454787828303e-07,0,0.031,22.3044671323521
0.0097697248979055,0.00200745912182731,0.00923590071031806,0.00162820339672738,0.00835871187322175,2.21287185458404e-05,4.41406224292287e-06,2.75637469331405e-06,2.16072421441584e-06,0,0.031,22.5407356128793
0.00634370226645867,0.00695639617846922,0.00834343039737268,0.00572865197723083,0.0036278191804686,4.97576852317994e-06,4.17203097578706e-06,1.50733032535507e-06,1.28118096665227e-06,0,0.031,22.1488765303112
0.00595696919033149,0.00102652253739043,0.013371620470116,0.00864073716876357,0.00200415063339856,3.55946252272102e-05,2.54371913826964e-06,2.19710522715547e-06,8.5134080829516e-07,0,0.031,20.5133165660258
0.0073616679728918,0.00784524430904206,0.00764669158098071,0.00124944776542615,0.00689694837165928,2.95746311701631e-05,4.38856304980152e-06,3.55849711338983e-06,2.33411086682132e-07,0,0.031,22.2520066853131
0.0119026121717227,0.000759522834246526,0.0071072991097355,0.0069590965339572,0.00427146935033804,2.91095153492642e-05,3.07335450832047e-06,2.64547832793548e-06,1.25257904416244e-06,0,0.031,20.7613234318573
0.0100167399779437,0.00583243571943407,0.00838844237337923,0.00485878615821926,0.00190359577102378,2.32250116427844e-05,4.08358248720049e-06,1.39650367431314e-06,1.29415633462487e-06,0,0.031,22.1976143992747
0.00246873314323788,0.00473784570450457,0.00641547198238269,0.013543991856265,0.00383395731360984,3.39703933156453e-05,4.40474925442881e-06,1.59248847355706e-06,4.06210190932434e-07,0,0.031,22.885666386086
0.00340928796064845,0.0066860205583754,0.000315536713562409,0.0117472134763695,0.00884194129104425,3.85604042535685e-05,3.6879177824012e-06,2.97443239759322e-06,1.73052189900779e-06,0,0.031,22.3351026035089
0.00286513908157532,0.00588317415791758,0.00933968931639479,0.00749575510405393,0.00541624234005838,8.9663500590969e-06,4.94724815765778e-06,3.52905689135464e-06,2.31453682359053e-06,0,0.031,23.8660233615328
0.00637677001133557,0.00518412408482115,0.00748070433881488,0.00303359939492795,0.00892480217010044,2.92695614090968e-06,1.31451479919294e-06,9.08972162671541e-07,6.90478348822984e-07,0,0.031,19.7279477480318
0.00451025359267451,0.00815790423663134,0.0095882028933202,0.00217640789797929,0.00656723137939465,1.67196881467667e-05,2.71878390832315e-06,2.51468160950965e-06,1.40835923932559e-06,0,0.031,20.7828385068908
0.011521535784663,0.00336071338878532,0.00174101809208473,0.00269022898917431,0.0116865037452927,5.92640020914589e-06,3.1478559698063e-06,1.77371124850533e-06,1.39515844310169e-06,0,0.031,21.6173197889812
0.0126987690939627,0.000850331316703496,0.000713138081978937,0.00874557208967292,0.00799218941768193,3.93591187836891e-05,4.25983322716399e-06,3.51826910533877e-06,3.13880051085427e-06,0,0.031,21.6890296383895
0.00894474452107044,0.00642557409342272,0.000464696550314895,0.0129635954706194,0.00220138936457253,1.31782073996473e-05,4.04788170874638e-06,3.58954825683964e-06,1.74944063176241e-06,0,0.031,22.2407247534976
0.00421272720021234,0.0127637410513049,0.00663140692581031,0.00414893892014289,0.00324318590252954,3.82484854819799e-05,3.77154068023772e-06,1.44342986870501e-06,1.2124670004044e-06,0,0.031,20.8554792542527
0.00835166635522031,0.0058417548853615,0.00526569356201913,0.0089916286442365,0.00254925655316257,4.48783007636545e-06,2.84922198921259e-06,2.42100636810692e-06,1.62951701834321e-06,0,0.031,22.1358773312879
0.000486438199718556,0.00673644894802825,0.00798438385357917,0.00461466188413792,0.0111780671145361,2.33561408758502e-05,2.76608145910685e-06,1.58287850805759e-06,1.0201293736054e-06,0,0.031,26.8550581767488
0.00942654348108463,0.00377071313783869,0.00146055247857745,0.00851433850873625,0.00782785239376298,3.0782976168555e-05,1.62114949949942e-06,1.51605729257122e-06,1.19414430285792e-06,0,0.031,17.8460989479336
0.000860743063912534,0.00354485849675906,0.0100788321307174,0.00579217315759144,0.0107233931510196,2.34635017606377e-05,2.20844177458984e-06,1.43235796990831e-06,7.03115370478897e-07,0,0.031,26.7539269323539
0.00223306094285308,0.00866961771168225,0.00733943800423116,0.00884810043987103,0.00390978290136248,3.08836219600309e-05,4.8502065392772e-06,2.94165664754728e-06,1.17919598915083e-06,0,0.031,23.5150083313745
0.00653032049380661,0.0058991760347051,0.0112742490987045,0.00684377127696235,0.000452483095821428,3.37433028018239e-05,2.98823176765452e-06,1.62654610860556e-06,8.64084372457556e-07,0,0.031,30.7889817379527
0.0121478844975014,0.00122608432709877,0.00154988337128466,0.00282891507877718,0.013247232725338,3.70447866327386e-05,1.7342843365188e-06,4.88598566818726e-07,3.65965317903644e-07,0,0.031,17.5069074662163
0.00699794608298259,0.00630443514350116,0.00342493033457225,0.0136856435116268,0.000587044927317189,1.29663826340174e-05,3.21377511473694e-06,1.81418482388197e-06,2.51221551369336e-07,0,0.031,1151.36421123804
0.00649563972514729,0.0062526916538019,0.00781777984526941,0.00386707352389575,0.00656681525188566,1.11232546958439e-05,4.74416062977891e-06,4.1913653087311e-06,3.75841078223202e-06,0,0.031,23.1051413027686
0.00992558610398477,0.00686811205131235,0.00239121789632333,0.00530923047602174,0.00650585347235782,1.79246993043803e-05,4.42126412259205e-06,1.45284314603492e-06,1.03033593010784e-06,0,0.031,22.3324944524457
0.00292450619815337,0.00761408327495739,0.00483687598171229,0.0078743830219198,0.00775015152325716,2.6063299933539e-05,4.39535460735013e-06,2.4440337885116e-06,1.85454594998217e-06,0,0.031,23.2784319403299
0.00965341289990296,0.00632859269352097,0.00304551064429894,0.00195605565531911,0.010016428106958,2.94053236573251e-05,4.12201226951634e-06,3.502916907794e-06,1.10428447276798e-06,0,0.031,21.977160511067
0.0107388312115726,0.00795931736125436,0.00367568787187763,0.000933251718036943,0.00769291183725851,1.64798779651229e-05,4.15314078863784e-06,2.47334952249997e-06,1.46429068045816e-06,0,0.031,22.0993427037981
0.00466929525840912,0.00754743230576586,0.00629365281427136,0.00260487287115212,0.00988474675040154,2.26442904856241e-05,4.9176139751094e-06,3.51679478271079e-06,1.54519567804374e-06,0,0.031,23.5357871839728
0.00602443042456285,0.002302063120549,0.0113496026189255,0.00729980706057696,0.00402409677538572,1.1545707095713e-05,2.15274809445042e-06,1.49937179505087e-06,3.40201250355634e-07,0,0.031,20.1570779290079
0.01021007536311,0.00826576345646512,0.000451058938864531,0.00560645743826371,0.00646664480329661,9.80131949685986e-06,4.32517977247567e-06,3.79404725651883e-06,1.47509547965529e-06,0,0.031,22.336203093306
0.00411243966656957,0.00885494666579624,0.00337657788318444,0.00648357140046275,0.00817246438398699,3.21151708763661e-05,4.92847941280867e-06,2.93477279649287e-06,2.90859869859278e-06,0,0.031,23.4169172639088
0.00592913468463679,0.00882504387327408,0.00552588999034248,0.0103094457065962,0.000410485745150459,1.86960090831731e-05,2.2987616049649e-06,1.34110181382582e-06,1.75352289369486e-07,0,0.031,43.5484292247344
0.00139832049886237,0.00862451718141052,0.00412235415292169,0.0105518102641726,0.00630299790263282,1.79093866624108e-05,2.35254015950571e-06,1.03035113808332e-06,5.33725578832739e-07,0,0.031,23.6876770516941
0.00882136390526664,0.00488208156249143,0.00273975177452021,0.0133425859707453,0.00121421678697639,2.4343122500184e-05,4.7060485001847e-06,1.20078235063579e-06,4.89488195604509e-07,0,0.031,22.9223820397702
0.00277987010853888,0.0125097563452347,0.00219513364633896,0.0129247290153044,0.000590510884583098,3.61820031000892e-05,4.70381179932257e-06,2.9633912909947e-06,2.57244279311369e-06,0,0.031,22.8113037301531
0.00491439510712832,0.0109397843306154,0.00165414125096636,0.00294013391294482,0.0105515453983451,3.24461841580736e-05,3.02003779063409e-06,1.32839580749751e-06,1.98389255654814e-07,0,0.031,20.9824056480154
0.00804681730398316,0.00816113239079494,0.00624257511225665,0.00388086523681059,0.00466860995615466,3.10192354256892e-05,4.44888089817807e-06,3.74618242801557e-06,5.21929546412938e-07,0,0.031,22.0854290881089
0.00184825637458283,0.0100967267037691,0.00491545152995097,0.0106722389005091,0.00346732649118801,1.25079071736e-05,4.89893143148609e-06,1.9739519047974e-06,9.5777103159507e-07,0,0.031,23.9547453989121
0.0106861412962292,0.00263605431295257,0.00667158110470512,0.00359014280626593,0.00741608047984723,7.22934124502598e-06,3.51390835033298e-06,3.50159190173784e-06,2.61261328065453e-07,0,0.031,21.6823509211062
0.00729897714131906,0.0038871839287567,0.0142073160428536,0.0020893175952794,0.0035172052917912,9.41812175792585e-06,4.10687645937768e-06,3.14394087812386e-06,1.72587989217455e-06,0,0.031,22.1159232742979
0.0021781120431468,0.00606731221032343,0.00169315737036601,0.0162464899771903,0.00481492839897341,8.4414986953286e-06,3.35517097016029e-06,1.59735648932784e-06,1.17044130667124e-06,0,0.031,22.866940100129
0.0019169810623162,0.00517888585242407,0.0105488336442002,0.00649761139725978,0.00685768804379976,2.40007379879263e-05,4.64750357281593e-06,3.59656231712953e-06,1.7165073297948e-06,0,0.031,23.8783420353907
0.0107492228407012,0.00813519828387613,0.00784890432484276,0.00160631548262534,0.00266035906795459,1.70002970839702e-05,4.58350997144336e-06,2.15375649631062e-06,7.8893384538154e-07,0,0.031,22.9346067959389
0.00102323660884183,0.00835642698666139,0.00993653798724475,0.00175586703942992,0.00992793137782211,9.23764721272021e-06,2.34251671024412e-06,1.98590014949404e-06,1.2286330384003e-06,0,0.031,26.7799136642614
0.00225173020336926,0.0110062160988775,0.00657892441336017,0.00812313842297166,0.00303999086142144,1.92443581422938e-05,4.80341877321798e-06,4.39524790761665e-06,3.22450564658912e-06,0,0.031,23.4557809792107
0.000658112125978731,0.00763698679882072,0.0135335711854718,0.00174024686645056,0.00743108302327814,3.72615929400867e-05,3.37548737419562e-06,3.01058618444989e-06,7.47527537143122e-07,0,0.031,23.7736770736781
0.00600633850885948,0.00176829826595705,0.00524633938166673,0.00950224654220364,0.0084767773013131,2.21434797294614e-05,2.79697756598263e-06,2.27473860968603e-06,2.1121680246573e-06,0,0.031,20.6726314906174
0.00674498733118669,0.00580590558563424,0.00585904589280439,0.00641129353338166,0.00617876765699302,3.4533941713574e-05,2.89664898728641e-06,2.3981671952081e-06,2.00088206310278e-06,0,0.031,19.6448398395392
0.00752458582298157,0.00323163183042183,0.00664269909293453,0.00613545175006816,0.0074656315035939,2.63205525994957e-05,4.16707318487954e-06,4.08134635291255e-06,2.73557512194131e-06,0,0.031,21.9679600543493
0.00131504205001414,0.000647302723505499,0.00694213815373718,0.0101289569506819,0.0119665601220612,3.81092020551377e-05,4.50022694729651e-06,1.71095913926154e-06,5.83212110042335e-07,0,0.031,24.9836728676373
0.00724355699092167,0.00221068042839312,0.00743922384800241,0.00863385011781596,0.00547268861486683,4.33667972402151e-06,3.87618211742399e-06,1.1864845243239e-06,1.01322281073909e-06,0,0.031,22.1504522500418
0.00950608564320045,0.00574884097272934,0.00333889471957206,0.00152236957350351,0.0108838090909946,4.19016560259467e-06,3.67352397693081e-06,3.16027009509881e-06,2.01610486606378e-06,0,0.031,22.2871670336748
0.00613876984089111,0.00997821257286217,0.00368688391108524,0.000585950238331121,0.0106101834368304,2.54273147419322e-05,2.21169173465101e-06,1.22019101276644e-06,2.44093744984117e-07,0,0.031,19.6129610284884
0.00299202905775482,0.00970722165538308,0.00622152793980968,0.00925189777934611,0.00282732356770631,1.72158795984601e-05,4.62800811327671e-06,2.71168005073936e-06,1.53663686609338e-06,0,0.031,22.9394954520775
0.0120227712917018,0.00169699546948909,0.00928642488562157,0.00214432274022472,0.00584948561296282,2.1739688490541e-05,2.23565252223092e-06,1.22358241469477e-06,9.53058441319457e-07,0,0.031,20.1181514930634
0.00415872516946022,0.003292137707793,0.00884989634402953,0.0117046565027889,0.00299458427592837,9.41780918590773e-06,4.79315390482613e-06,3.74002807961676e-06,3.28524476820586e-06,0,0.031,23.1443886865506
0.00325068663708344,0.00730331099738712,0.00571241320781902,0.00695834941518752,0.00777523974252289,2.49255849648716e-05,4.47843183234309e-06,2.42979509064233e-06,2.12828989385638e-06,0,0.031,23.2285412968514
0.00243154102421063,0.00942737232328207,0.0061698381549188,0.00623207175221712,0.00673917674537139,3.88930753309627e-06,3.44976873013792e-06,2.52160782786782e-06,2.47191578446899e-06,0,0.031,23.2635716068455
0.00891572519585621,0.0108497543148488,0.00319114137434656,0.00589331369237734,0.00215006542257113,3.74958468562305e-05,4.40510043396209e-06,3.8929248478765e-06,1.71589844307942e-06,0,0.031,22.1610036532474
0.00502454200123952,0.0059623084289639,0.0108550942215556,0.00166584111926009,0.00749221422898088,1.52484512802008e-05,4.63495765749583e-06,3.05318540800832e-06,1.0067779072855e-06,0,0.031,23.1490963006927
0.00254562987647937,0.0112282644766317,0.00289976405972765,0.0108787050926222,0.00344763649453907,2.91950784803753e-05,4.09780954761964e-06,1.96585639431728e-06,1.40317756247625e-06,0,0.031,22.4985162344568
0.00803838628007677,0.00649460151452504,0.00525044348889755,0.0040823381105248,0.00713423060597584,1.03695558011476e-05,2.24170166784805e-06,1.8341467548198e-06,7.55493006126532e-07,0,0.031,20.0865559745086
0.00584512919293602,0.00245504886216455,0.00428546194924624,0.00852403290421154,0.00989032709144164,1.42539939485499e-05,4.55958491433723e-06,2.93851008263283e-06,2.83955143423298e-06,0,0.031,23.3579111790415
0.00229413473226648,0.00439462546829313,0.00340993278375395,0.00806932871777095,0.0128319782979155,3.99909122151872e-05,4.9252804301952e-06,4.02736368967993e-06,2.37626316439823e-06,0,0.031,24.1700854097449
0.00594883590716168,0.00668818915702252,0.00223618728515767,0.00609035558668177,0.0100364320639764,1.57035714828079e-05,3.63329235322008e-06,2.822883467869e-06,3.11544932239616e-07,0,0.031,22.0751167167676
0.00235696411181068,0.00142950988010988,0.000445173926889196,0.0136988518829475,0.0130695001982428,2.89985789358587e-05,3.0942442902262e-06,2.62184849090618e-06,6.40639533440768e-07,0,0.031,23.6030926082506
0.00732594720523036,0.00754221003214487,0.00871715911736072,0.00386080776791157,0.00355387587735248,2.41733711609709e-05,3.58913474378188e-06,2.53690272665083e-06,8.61553484872666e-07,0,0.031,20.9861267486866
0.0110358749473214,0.00637059404359314,0.00463150432004444,0.00684683425053876,0.00211519243850229,2.77444039791093e-05,3.46600973877107e-06,3.13629774560507e-06,8.27275251706409e-07,0,0.031,21.7332975133802
0.00476536142409646,0.00474359094768935,0.00318501728669575,0.00917177435700265,0.00913425598451579,3.28065948328831e-05,3.59461187533956e-06,3.13635880889947e-06,1.73716419267978e-06,0,0.031,21.7506657882928
0.0039323641147113,0.00528916065164183,0.00757079445748844,0.0124076349904824,0.00180004578567604,2.27631418668683e-05,4.52782729302346e-06,3.004223907374e-06,2.40149710705641e-06,0,0.031,22.4897634418596
0.00485544676978916,0.00365046858292741,0.00862485841879069,0.00787338890371291,0.00599583732477982,2.42509783775334e-05,4.15981564086734e-06,3.83118923302635e-06,3.09252416965396e-06,0,0.031,22.2263875749574
0.00151326425347285,0.00762647664286474,0.0121832936756532,0.00393861026449555,0.00573835516351365,2.25999648173695e-05,2.28490263127152e-06,2.00600728894009e-06,1.37326263173779e-06,0,0.031,22.3398927511155
0.0142329832538617,0.00156611674280963,0.00785629191770129,0.00110388871030542,0.00624071937532198,2.28826457285725e-05,3.67785259952175e-06,3.14026178451895e-06,2.52610715419744e-06,0,0.031,21.6069243155316
0.0103420893983059,0.00633132670598555,0.000768090887286732,0.00349783928707594,0.0100606537213459,1.0200696315476e-05,3.33901151109721e-06,3.32396101456199e-06,1.48902880442062e-06,0,0.031,21.4745716268196
0.00996805345373033,0.00107444715143104,0.00965983297884758,0.0018317097837592,0.00846595663223186,2.75454653271616e-05,3.60661995380886e-06,1.05713937221269e-06,6.52849206937538e-07,0,0.031,21.1680105619032
0.0105526666997879,0.00341068451695649,0.00957801597968024,0.00223156148986083,0.00522707131371453,1.52189804553118e-05,4.93178412402602e-06,2.98546808251039e-06,3.26465788574369e-07,0,0.031,23.4301688955855
0.000864439036527755,0.00794129951824398,0.00812966756146642,0.00517573046325014,0.0088888634205117,2.19098056392966e-05,1.40190069042079e-06,3.36373415679666e-07,2.32228740485125e-07,0,0.031,26.3463938959036
0.00875742255330163,0.00991213444677578,0.00998774974723369,0.000872871167278109,0.00146982208541079,6.89534035355525e-06,4.9435294684735e-06,4.76447704823266e-06,3.62184525889583e-06,0,0.031,23.4814850179236
0.00142318231119076,0.00534086775060643,0.0124977085782992,0.00538112809464151,0.00635711326526213,2.72167896414486e-05,4.05021268326715e-06,7.00871536676293e-07,2.83882760598891e-07,0,0.031,23.6509439771524
0.0103853281467911,0.00164308661052001,0.00560319070443428,0.0069508324137766,0.00641756212447805,2.24229077613004e-05,3.3828008144738e-06,9.20487374797335e-07,4.50971160767524e-07,0,0.031,20.7949878380681
0.00538525848519843,0.00732275123660643,0.00474411750119204,0.0103333277191532,0.00321454505784991,2.05387165838049e-05,4.73876134147377e-06,4.69773673388624e-06,3.85145653772419e-06,0,0.031,22.7852243411284
0.00103906057516484,0.00603713068341857,0.0111333439130923,0.00600109899057016,0.00678936583775417,6.35776332353042e-06,3.9183331972358e-06,2.31392090823337e-06,1.58414354513548e-06,0,0.031,24.9909230755433
0.00624574366409186,0.00518684580144158,0.00707193932611121,0.0067383025216503,0.00575716868670504,3.69778631238207e-05,4.21133002204567e-06,1.05676789259717e-06,1.02447493558756e-06,0,0.031,21.6666520885264
0.00292801416199006,0.00738931754787377,0.0082761873175864,0.00408359472870829,0.00832288624384148,2.0877145219825e-05,3.04188214183145e-06,2.94489012381721e-06,1.47633842128005e-06,0,0.031,21.9952599473807
0.00631239227276267,0.0114129325303407,0.00254335173572298,0.0102101156048273,0.000521207856346392,4.5623760022478e-06,3.86867248071819e-06,3.45475268366685e-06,1.14970406799583e-06,0,0.031,3673.07249366425
0.00236829335903752,0.00397210039715507,0.0129616988781183,0.000624070378627007,0.0110738369870621,2.90269706414324e-05,4.87586850902824e-06,4.42426225236608e-06,1.25481511589397e-06,0,0.031,23.9535806601317
0.00661508748054174,0.00316634014139995,0.00627147354155944,0.00831849632044262,0.00662860251605624,1.27129796818423e-05,4.60727117161548e-06,4.48995384792631e-06,1.39666770927451e-06,0,0.031,22.9892057692917
0.00811550260319222,0.00814201303749257,0.0044527060589894,0.00521133993435546,0.00507843836597035,5.37036350044566e-06,2.90012494926255e-06,1.82102004018241e-06,1.18161630889474e-06,0,0.031,21.0917652967313
0.00925179736406885,0.00980969904551302,0.00338295477552555,0.00436154813058465,0.00419400068430794,1.17526132822016e-05,4.48790987220821e-06,2.41577195029676e-06,4.49085934932285e-07,0,0.031,22.4993857637554
0.0103830604289943,0.00493692108542489,0.00753543198758265,0.0059306033847544,0.00221398311324378,3.51438742758927e-05,4.70098364628114e-06,3.23015730584829e-06,2.10083156601264e-06,0,0.031,22.8856153233237
0.00915451134134364,0.00618021753025323,0.00321773084572947,0.0021337442265262,0.0103137960561475,1.09729588011887e-05,4.89045274649328e-06,4.62892415672807e-06,2.8940090139552e-06,0,0.031,23.4958055529683
